"Name,""LAPS Expiration Time"""
"CMRUCT19113,""17/08/2025 09:58:22"""
"CMRUCT19139,""18/09/2025 04:03:43"""
"CMRLPT19194,""01/10/2025 07:36:03"""
"CMRUCT19076,""14/07/2025 13:02:07"""
"CMRUCT19169,""13/09/2025 06:09:55"""
"CMRLPT20004,""12/10/2025 08:11:13"""
"CMRLPT19170,""01/10/2025 09:05:06"""
"CMRUCT19224,""22/08/2025 09:01:06"""
"CMRLPT20002,""14/03/2025 11:21:40"""
"CMRUCT19140,""22/09/2025 14:44:41"""
"CMRLPT19173,""01/08/2025 07:45:58"""
"CMRLPT20005,""30/09/2025 13:24:22"""
"CMRUCT19086,""20/07/2025 13:05:06"""
"CMRLPT19169,""19/10/2025 00:42:24"""
"CMRLPT19179,""30/06/2025 10:59:50"""
"CMRUCT19166,""14/09/2025 11:35:13"""
"CMRUCT20037,""26/09/2025 10:37:31"""
"CMRLPT19157,""25/09/2025 13:10:00"""
"CMRUCT19130,""12/09/2025 17:53:49"""
"CMRUCT19202,""08/10/2025 08:06:31"""
"CMRLPT19171,""18/10/2025 10:17:45"""
"CMRLPT19163,""19/10/2025 11:10:48"""
"CMRLPT19006,""24/09/2025 07:21:08"""
"CMRLPT19155,""31/08/2025 10:20:54"""
"CMRUCT19134,""13/09/2025 17:08:40"""
"CMRUCT19207,""12/10/2025 08:23:20"""
"CMRLPT19002,""04/10/2025 11:44:12"""
"CMRLPT19160,""25/07/2025 08:42:52"""
"CMRUCT19082,""02/04/2025 14:54:21"""
"CMRLPT19005,""28/09/2025 10:55:15"""
"CMRLPT20062,""05/10/2025 14:01:34"""
"CMRUCT19073,""05/10/2025 14:24:15"""
"CMRUCT19090,""19/09/2025 07:03:46"""
"CMRUCT20011,""18/10/2025 10:03:34"""
"CMRUCT19102,""24/09/2025 12:53:26"""
"CMRUCT20013,""06/10/2025 11:47:42"""
"CMRUCT20033,""13/10/2025 16:19:18"""
"CMRUCT20014,""12/10/2025 15:58:02"""
"CMRUCT20030,""06/10/2025 22:38:50"""
"CMRUCT20005,""18/10/2025 12:55:36"""
"CMRLPT20064,""09/10/2025 10:29:10"""
"CMRUCT20049,""19/10/2025 09:09:21"""
"CMRUCT19256,""19/10/2025 10:56:28"""
"CMRUCT19246,""12/10/2025 17:48:09"""
"CMRLPT20075,""18/10/2025 10:15:11"""
"CMRUCT19093,""12/10/2025 17:15:06"""
"CMRLPT20067,""04/10/2025 07:13:10"""
"CMRUCT21067,""08/10/2025 07:28:44"""
"CMRLPT20071,""05/10/2025 08:03:48"""
"CMRUCT20134,""23/10/2025 12:41:01"""
"CMRUCT20039,""18/10/2025 09:15:18"""
"CMRUCT20043,""20/10/2025 12:23:40"""
"CMRUCT20042,""18/10/2025 09:04:16"""
"CMRUCT20046,""19/10/2025 08:51:16"""
"CMRUCT20135,""18/10/2025 09:36:28"""
"CMRUCT20047,""19/10/2025 14:26:06"""
"CMRUCT20071,""18/10/2025 14:00:50"""
"CMRUCT19126,""13/09/2025 17:41:52"""
"CMRUCT20054,""12/10/2025 21:42:47"""
"CMRUCT19119,""12/10/2025 14:56:16"""
"CMRUCT20058,""14/09/2025 08:32:12"""
"CMRUCT19006,""16/09/2025 20:59:15"""
"CMRUCT20062,""19/10/2025 07:55:11"""
"CMRUCT20076,""19/10/2025 08:37:53"""
"CMRUCT20052,""20/10/2025 10:41:25"""
"CMRLPT20027,""19/10/2025 09:08:23"""
"CMRLPT20025,""12/10/2025 09:42:52"""
"CMRLPT20029,""21/09/2025 08:03:37"""
"CMRLPT20028,""26/09/2025 08:32:00"""
"CMRLPT20061,""22/10/2025 09:54:35"""
"CMRUCT20107,""21/10/2025 13:11:06"""
"CMRUCT20105,""18/10/2025 10:08:37"""
"CMRLPT20078,""03/09/2025 08:14:21"""
"CMRLPT20015,""19/10/2025 08:29:13"""
"CMRLPT20014,""09/10/2025 07:48:05"""
"CMRLPT20010,""12/10/2025 09:03:11"""
"CMRLPT19189,""28/09/2025 09:17:44"""
"CMRLPT20066,""01/10/2025 08:13:45"""
"CMRLPT20068,""01/10/2025 07:17:20"""
"CMRLPT20011,""19/10/2025 13:51:50"""
"CMRLPT20022,""14/10/2025 09:54:45"""
"CMRLPT20052,""28/09/2025 09:07:18"""
"CMRLPT20076,""08/09/2025 13:34:51"""
"CMRUCT20100,""15/10/2025 07:51:44"""
"CMRUCT20102,""22/10/2025 07:32:13"""
"CMRUCT20103,""17/09/2024 10:35:33"""
"CMRUCT20124,""15/10/2025 19:37:53"""
"CMRLPT19188,""20/07/2025 08:41:45"""
"CMRLPT20001,""24/09/2025 09:03:28"""
"CMRLPT20012,""24/09/2025 08:14:43"""
"CMRLPT20017,""03/10/2025 15:42:53"""
"CMRLPT20019,""24/09/2025 07:44:55"""
"CMRLPT20021,""18/10/2025 15:10:34"""
"CMRLPT20026,""22/10/2025 07:24:40"""
"CMRLPT20030,""24/09/2025 11:12:05"""
"CMRLPT20033,""10/09/2025 08:35:25"""
"CMRLPT20034,""17/10/2025 08:29:09"""
"CMRLPT20035,""30/09/2025 10:54:10"""
"CMRLPT20036,""15/10/2025 07:53:39"""
"CMRLPT20038,""12/10/2025 09:09:29"""
"CMRLPT20040,""22/10/2025 15:44:36"""
"CMRLPT20041,""13/10/2025 10:47:56"""
"CMRLPT20045,""19/10/2025 07:21:01"""
"CMRLPT20047,""10/10/2025 07:51:38"""
"CMRLPT20048,""07/09/2025 08:44:59"""
"CMRLPT20054,""22/10/2025 13:35:06"""
"CMRLPT20057,""08/10/2025 07:28:53"""
"CMRLPT20058,""01/10/2025 07:36:59"""
"CMRLPT20069,""06/10/2025 14:08:18"""
"CMRLPT20070,""03/10/2025 08:56:46"""
"CMRLPT20084,""13/10/2025 09:45:35"""
"CMRLPT20085,""31/07/2025 12:59:43"""
"CMRLPT20094,""19/10/2025 08:30:43"""
"CMRLPT20096,""11/10/2025 09:43:23"""
"CMRUCT19194,""15/09/2025 19:03:09"""
"CMRUCT19227,""19/10/2025 11:35:48"""
"CMRUCT19237,""27/08/2025 07:31:18"""
"CMRUCT19261,""18/07/2025 07:54:23"""
"CMRUCT19263,""19/10/2025 12:49:43"""
"CMRUCT20001,""13/10/2025 00:25:21"""
"CMRUCT20002,""16/10/2025 09:45:46"""
"CMRUCT20006,""16/10/2025 18:23:51"""
"CMRUCT20009,""12/10/2025 20:31:44"""
"CMRUCT20010,""14/10/2025 07:48:40"""
"CMRUCT20012,""14/10/2025 08:31:05"""
"CMRUCT20015,""13/10/2025 00:51:30"""
"CMRUCT20019,""16/10/2025 08:37:12"""
"CMRUCT20024,""14/10/2025 23:07:03"""
"CMRUCT20025,""15/10/2025 17:12:13"""
"CMRUCT20027,""12/10/2025 16:23:44"""
"CMRUCT20053,""15/10/2025 16:18:10"""
"CMRUCT20057,""12/10/2025 12:52:47"""
"CMRUCT20063,""22/10/2025 10:39:04"""
"CMRUCT20066,""27/09/2025 08:43:33"""
"CMRUCT20078,""14/10/2025 11:46:43"""
"CMRUCT20079,""17/10/2025 08:39:16"""
"CMRUCT20081,""12/10/2025 20:10:13"""
"CMRUCT20084,""13/10/2025 10:00:07"""
"CMRUCT20085,""06/10/2025 20:38:04"""
"CMRUCT20089,""19/10/2025 08:07:07"""
"CMRUCT20094,""15/10/2025 15:35:02"""
"CMRUCT20095,""16/10/2025 15:36:28"""
"CMRUCT20098,""15/10/2025 10:03:21"""
"CMRUCT20119,""17/10/2025 10:15:17"""
"CMRUCT20123,""10/10/2025 08:11:26"""
"CMRUCT20125,""12/10/2025 14:33:48"""
"CMRUCT20118,""15/08/2025 12:03:31"""
"CMRUCT20145,""12/10/2025 15:55:19"""
"CMRUCT20149,""12/10/2025 18:01:55"""
"CMRLPT21013,""25/09/2025 17:15:24"""
"CMRLPT21009,""15/10/2025 12:09:32"""
"CMRLPT21005,""05/10/2025 09:03:58"""
"CMRLPT20086,""03/09/2025 08:10:58"""
"CMRUCT20099,""14/10/2025 15:55:00"""
"CMRLPT21012,""26/09/2025 07:54:47"""
"CMRUCT21006,""03/10/2025 08:03:55"""
"CMRLPT21011,""19/10/2025 10:49:10"""
"CMRLPT21018,""05/10/2025 09:15:04"""
"CMRLPT21019,""20/07/2025 09:21:16"""
"CMRUCT21013,""15/10/2025 15:13:59"""
"CMRUCT21007,""12/10/2025 18:50:17"""
"CMRUCT21017,""22/10/2025 07:44:06"""
"CMRUCT21010,""12/10/2025 10:00:26"""
"CMRUCT21008,""03/10/2025 12:11:21"""
"CMRUCT21002,""19/10/2025 08:08:14"""
"CMRUCT21004,""17/10/2025 08:46:39"""
"CMRUCT21015,""19/10/2025 08:11:46"""
"CMRUCT21012,""26/09/2025 08:09:33"""
"CMRLPT21036,""20/10/2025 08:52:45"""
"CMRLPT21035,""19/10/2025 09:32:47"""
"CMRUCT21044,""13/10/2025 01:07:42"""
"CMRUCT21048,""15/10/2025 13:00:50"""
"CMRUCT21047,""14/10/2025 08:26:38"""
"CMRUCT21046,""15/10/2025 13:27:08"""
"CMRUCT21023,""24/09/2025 07:21:54"""
"CMRUCT21055,""01/10/2025 10:36:43"""
"CMRUCT21059,""12/10/2025 17:41:39"""
"CMRUCT21058,""12/10/2025 07:51:33"""
"CMRUCT21053,""17/10/2025 06:53:38"""
"CMRUCT21052,""12/10/2025 20:38:55"""
"CMRLPT21014,""02/10/2025 07:25:08"""
"CMRLPT21021,""19/10/2025 11:41:24"""
"CMRLPT21015,""02/10/2025 10:23:04"""
"CMRLPT21016,""22/10/2025 11:26:51"""
"CMRUCT20050,""22/10/2025 08:14:44"""
"CMRUCT19220,""19/10/2025 08:07:46"""
"CMRUCT21050,""13/10/2025 19:25:43"""
"CMRUCT20138,""28/09/2025 12:18:48"""
"CMRUCT21022,""02/07/2025 11:51:41"""
"CMRUCT21065,""17/10/2025 15:10:29"""
"CMRUCT21064,""19/09/2025 07:55:38"""
"CMRLPT21024,""12/10/2025 17:37:22"""
"CMRUCT21028,""13/10/2025 13:17:57"""
"CMRUCT21062,""22/10/2025 07:31:48"""
"CMRUCT21029,""13/10/2025 15:47:18"""
"CMRUCT21026,""12/10/2025 21:34:47"""
"CMRUCT21027,""12/10/2025 13:16:11"""
"CMRUCT21049,""13/10/2025 13:16:58"""
"CMRLPT21028,""26/09/2025 23:52:39"""
"CMRUCT21075,""23/10/2025 13:38:25"""
"CMRUCT21076,""19/10/2025 08:59:43"""
"CMRUCT21077,""19/10/2025 10:09:22"""
"CMRUCT21035,""01/10/2025 07:45:40"""
"CMRUCT21034,""12/10/2025 17:33:16"""
"CMRUCT21033,""12/10/2025 15:31:50"""
"CMRUCT21037,""17/10/2025 08:38:15"""
"CMRUCT20108,""16/10/2025 11:52:28"""
"CMRLPT21033,""25/07/2025 11:06:03"""
"CMRLPT21037,""15/10/2025 08:31:08"""
"CMRUCT20034,""19/10/2025 09:34:57"""
"CMRUCT21011,""14/10/2025 16:26:45"""
"CMRLPT21040,""24/09/2025 07:57:13"""
"CMRLPT21051,""24/09/2025 08:19:48"""
"CMRUCT19204,""23/10/2025 15:59:24"""
"CMRLPT21151,""04/10/2025 10:27:51"""
"CMRUCT21042,""20/10/2025 06:36:18"""
"CMRUCT21041,""25/09/2025 11:27:37"""
"CMRUCT21043,""20/10/2025 08:42:03"""
"CMRLPT21064,""26/09/2025 09:30:00"""
"CMRLPT21059,""20/07/2025 08:38:43"""
"CMRLPT21061,""01/10/2025 07:15:06"""
"CMRLPT21154,""19/10/2025 09:36:45"""
"CMRLPT21070,""03/10/2025 08:22:22"""
"CMRLPT21050,""27/09/2025 09:25:25"""
"CMRLPT21049,""29/09/2025 17:01:37"""
"CMRLPT21048,""21/10/2025 15:30:10"""
"CMRLPT21046,""13/10/2025 15:15:32"""
"CMRLPT21045,""22/10/2025 08:12:30"""
"CMRLPT21067,""30/09/2025 16:20:08"""
"CMRLPT21153,""17/10/2025 10:52:28"""
"CMRLPT21075,""16/10/2025 10:53:08"""
"CMRLPT21132,""13/10/2025 08:49:03"""
"CMRLPT21133,""25/09/2025 22:50:48"""
"CMRLPT21134,""28/09/2025 13:13:05"""
"CMRLPT21123,""10/10/2025 07:57:42"""
"CMRUCT21125,""12/10/2025 15:02:13"""
"CMRLPT21111,""17/10/2025 07:28:07"""
"CMRLPT21110,""10/09/2025 13:52:54"""
"CMRLPT21109,""03/09/2025 13:24:21"""
"CMRLPT21115,""15/10/2025 08:24:17"""
"CMRLPT21113,""24/09/2025 13:13:21"""
"CMRLPT21120,""26/09/2025 08:50:21"""
"CMRLPT21119,""28/09/2025 10:31:34"""
"CMRLPT21114,""23/10/2025 10:08:06"""
"CMRLPT21116,""27/09/2025 09:33:05"""
"CMRUCT21054,""17/10/2025 16:04:33"""
"CMRLPT21074,""25/09/2025 10:19:34"""
"CMRUCT21124,""15/10/2025 10:06:52"""
"CMRLPT21080,""25/09/2025 12:12:20"""
"CMRUCT21040,""12/10/2025 13:16:27"""
"CMRLPT21081,""25/09/2025 09:16:28"""
"CMRLPT21156,""03/10/2025 08:25:55"""
"CMRLPT21076,""03/10/2025 09:10:34"""
"CMRLPT21089,""26/09/2025 07:56:54"""
"CMRLPT21083,""05/10/2025 08:08:21"""
"CMRLPT21106,""17/10/2025 09:24:13"""
"CMRLPT21162,""26/09/2025 14:22:13"""
"CMRLPT21086,""08/10/2025 08:08:40"""
"CMRLPT21094,""25/09/2025 07:57:08"""
"CMRLPT21096,""17/10/2025 07:56:09"""
"CMRLPT21092,""08/08/2025 07:57:48"""
"CMRLPT21097,""01/10/2025 07:54:01"""
"CMRLPT21099,""08/10/2025 09:24:38"""
"CMRLPT21095,""17/09/2025 12:57:37"""
"CMRLPT21098,""03/10/2025 08:55:55"""
"CMRLPT21100,""24/09/2025 08:57:29"""
"CMRLPT21122,""19/10/2025 12:48:29"""
"CMRLPT21102,""01/10/2025 09:02:39"""
"CMRLPT22104,""19/10/2025 09:30:44"""
"CMRLPT21139,""28/09/2025 12:36:26"""
"CMRUCT21113,""13/10/2025 09:39:41"""
"CMRUCT19247,""13/08/2025 13:30:07"""
"CMRLPT21165,""12/10/2025 19:07:59"""
"CMRUCT21114,""19/10/2025 09:36:04"""
"CMRUCT21090,""24/09/2025 08:00:49"""
"CMRUCT21111,""14/10/2025 19:28:29"""
"CMRUCT21091,""15/10/2025 07:35:43"""
"CMRUCT21105,""19/10/2025 09:18:06"""
"CMRUCT21099,""17/10/2025 17:22:46"""
"CMRUCT21094,""17/10/2025 12:22:32"""
"CMRLPT21142,""09/10/2025 08:35:48"""
"CMRLPT21144,""22/10/2025 07:49:02"""
"CMRLPT21129,""19/10/2025 08:43:21"""
"CMRLPT21128,""05/10/2025 11:23:11"""
"CMRLPT21140,""14/10/2025 14:52:02"""
"CMRLPT21034,""15/10/2025 09:31:33"""
"CMRLPT21130,""26/09/2025 10:46:49"""
"CMRUCT21112,""17/10/2025 07:55:36"""
"CMRLPT21136,""17/10/2025 12:27:00"""
"CMRUCT21083,""12/10/2025 18:24:44"""
"CMRUCT21016,""22/10/2025 07:51:05"""
"CMRUCT20114,""12/10/2025 20:47:17"""
"CMRLPT21160,""19/10/2025 08:33:48"""
"CMRUCT21061,""25/07/2025 08:40:23"""
"CMRUCT20082,""14/10/2025 09:33:12"""
"CMRUCT21127,""16/10/2025 08:30:29"""
"CMRUCT21116,""16/10/2025 14:42:08"""
"CMRLPT21060,""26/09/2025 06:50:58"""
"CMRUCT21117,""14/10/2025 16:42:36"""
"CMRLPT21090,""22/10/2025 08:49:08"""
"CMRLPT21137,""26/09/2025 08:04:22"""
"CMRLPT21030,""30/09/2025 12:47:24"""
"CMRLPT21069,""26/09/2025 07:41:55"""
"CMRUCT21018,""16/07/2025 14:42:26"""
"CMRLPT21126,""10/10/2025 08:36:37"""
"CMRUCT20144,""17/10/2025 12:34:38"""
"CMRLPT21146,""19/10/2025 19:46:43"""
"CMRUCT21071,""24/09/2025 07:28:20"""
"CMRLPT21112,""20/09/2025 16:52:00"""
"CMRUCT19144,""12/09/2025 21:45:34"""
"CMRLPT22003,""03/10/2025 07:51:05"""
"CMRLPT22004,""07/10/2025 12:28:07"""
"CMRUCT20070,""12/10/2025 14:37:19"""
"CMRUCT21095,""12/10/2025 23:37:55"""
"CMRUCT22011,""12/10/2025 12:41:16"""
"CMRTAB20336,""25/09/2025 12:10:46"""
"CMRTAB20337,""04/10/2025 13:24:14"""
"CMRLPT21143,""08/10/2025 08:25:12"""
"CMRUCT21066,""12/10/2025 15:46:37"""
"CMRUCT22015,""18/09/2025 15:33:38"""
"CMRLPT22015,""08/10/2025 08:00:00"""
"CMRLPT22014,""06/08/2025 07:56:38"""
"CMRTAB20338,""22/10/2025 09:19:04"""
"CMRUCT23014,""08/10/2025 08:41:59"""
"CMRUCT22016,""17/10/2025 16:19:59"""
"CMRUCT22009,""19/10/2025 09:21:32"""
"CMRLPT22044,""14/10/2025 09:43:38"""
"CMRUCT22013,""19/10/2025 10:12:09"""
"CMRLPT22108,""24/09/2025 06:59:32"""
"CMRUCT22001,""22/10/2025 11:17:24"""
"CMRUCT22025,""19/10/2025 09:22:08"""
"CMRUCT22010,""15/10/2025 15:55:27"""
"CMRUCT22012,""28/09/2025 11:21:35"""
"CMRUCT22036,""19/10/2025 13:49:37"""
"CMRUCT22035,""13/10/2025 11:31:34"""
"CMRLPT22020,""08/10/2025 07:32:08"""
"CMRUCT22003,""13/10/2025 04:00:44"""
"CMRUCT20056,""13/10/2025 14:36:15"""
"CMRLPT22019,""03/10/2025 08:52:37"""
"CMRLPT22043,""22/10/2025 10:31:42"""
"CMRUCT22028,""13/10/2025 14:46:11"""
"CMRUCT22026,""13/10/2025 08:01:36"""
"CMRUCT22027,""13/10/2025 17:31:46"""
"CMRLPT22007,""22/10/2025 07:49:15"""
"CMRUCT22002,""06/10/2025 14:14:30"""
"CMRUCT22077,""06/10/2025 12:46:12"""
"CMRUCT22075,""17/10/2025 08:09:06"""
"CMRUCT22079,""12/10/2025 16:27:34"""
"CMRUCT22074,""16/01/2025 22:52:38"""
"CMRUCT22029,""17/10/2025 18:25:49"""
"CMRLPT22054,""01/10/2025 06:59:54"""
"CMRLPT22055,""22/10/2025 07:51:41"""
"CMRUCT22031,""14/10/2025 06:49:55"""
"CMRUCT22032,""12/10/2025 14:38:18"""
"CMRLPT22022,""27/07/2025 09:22:13"""
"CMRUCT21079,""14/09/2025 13:10:43"""
"CMRLPT22057,""29/09/2025 09:12:37"""
"CMRUCT22004,""12/10/2025 18:55:55"""
"CMRLPT22017,""02/04/2025 15:52:23"""
"CMRLPT21127,""06/08/2025 12:32:47"""
"CMRLPT22029,""22/10/2025 08:04:04"""
"CMRUCT22038,""03/10/2025 07:49:47"""
"CMRLPT22016,""23/10/2025 16:52:56"""
"CMRLPT22036,""01/10/2025 17:02:08"""
"CMRLPT22064,""23/10/2025 08:33:36"""
"CMRLPT22062,""26/09/2025 11:26:31"""
"CMRUCT22063,""18/09/2025 09:25:18"""
"CMRUCT21085,""29/09/2025 20:05:15"""
"CMRUCT22064,""14/10/2025 11:23:00"""
"CMRUCT22046,""12/10/2025 22:47:20"""
"CMRLPT22024,""12/10/2025 11:21:54"""
"CMRLPT22023,""17/10/2025 11:26:01"""
"CMRUCT22040,""03/08/2025 12:20:28"""
"CMRLPT22086,""03/10/2025 08:29:45"""
"CMRLPT22058,""28/09/2025 09:04:20"""
"CMRLPT22025,""19/10/2025 15:11:56"""
"CMRUCT21107,""24/09/2025 08:02:41"""
"CMRUCT22071,""13/10/2025 01:12:06"""
"CMRUCT22061,""15/01/2025 10:59:41"""
"CMRUCT22072,""25/09/2025 17:00:08"""
"CMRLPT22069,""08/10/2025 08:55:35"""
"CMRLPT22078,""26/09/2025 10:32:21"""
"CMRLPT22073,""02/07/2025 07:58:40"""
"CMRLPT22075,""10/10/2025 12:41:49"""
"CMRLPT22074,""10/10/2025 09:35:38"""
"CMRLPT21066,""18/10/2025 08:26:49"""
"CMRUCT22019,""12/10/2025 17:25:34"""
"CMRLPT22006,""29/09/2025 15:43:41"""
"CMRLPT22059,""02/10/2025 09:11:05"""
"CMRUCT22083,""20/07/2025 08:42:35"""
"CMRUCT22022,""21/10/2025 11:39:36"""
"CMRUCT20023,""13/10/2025 11:03:23"""
"CMRLPT22030,""25/09/2025 16:08:09"""
"CMRUCT22081,""26/09/2025 20:10:07"""
"CMRUCT22080,""12/10/2025 13:55:41"""
"CMRUCT21119,""08/10/2025 11:02:29"""
"CMRLPT22052,""01/09/2025 12:07:08"""
"CMRUCT22005,""13/10/2025 21:54:45"""
"CMRUCT22085,""14/10/2025 07:54:23"""
"CMRLPT22053,""12/10/2025 08:27:45"""
"CMRUCT22082,""13/10/2025 14:32:59"""
"CMRLPT22051,""17/10/2025 07:43:43"""
"CMRUCT20090,""15/10/2025 07:18:51"""
"CMRUCT22047,""22/10/2025 07:19:29"""
"CMRUCT22042,""03/10/2025 07:37:18"""
"CMRUCT22048,""15/10/2025 08:26:49"""
"CMRUCT22084,""12/10/2025 17:30:43"""
"CMRUCT22043,""15/10/2025 15:18:25"""
"CMRUCT22088,""13/10/2025 11:21:24"""
"CMRUCT22087,""13/10/2025 11:26:44"""
"CMRUCT22045,""29/09/2025 17:18:14"""
"CMRUCT22024,""22/10/2025 09:30:13"""
"CMRLPT22026,""04/10/2025 08:28:06"""
"CMRLPT22046,""10/10/2025 10:52:19"""
"CMRUCT22050,""14/10/2025 08:30:39"""
"CMRUCT22092,""14/10/2025 10:07:36"""
"CMRLPT21138,""21/10/2025 11:05:12"""
"CMRUCT22041,""26/09/2025 08:25:02"""
"CMRLPT22094,""04/10/2025 08:07:37"""
"CMRUCT22006,""13/10/2025 11:25:20"""
"CMRUCT22053,""20/07/2025 09:23:49"""
"CMRUCT22051,""17/10/2025 07:39:12"""
"CMRUCT22049,""13/10/2025 15:01:57"""
"CMRLPT22098,""23/10/2025 12:29:27"""
"CMRLPT22012,""03/10/2025 07:46:27"""
"CMRLPT22097,""27/09/2025 09:58:09"""
"CMRUCT22096,""20/10/2025 08:07:15"""
"CMRUCT22095,""19/10/2025 07:52:01"""
"CMRUCT22033,""10/10/2025 14:29:19"""
"CMRLPT22009,""24/09/2025 07:44:11"""
"CMRUCT21087,""16/10/2025 18:14:15"""
"CMRLPT22093,""15/10/2025 08:18:42"""
"CMRLPT22032,""08/10/2025 07:15:22"""
"CMRUCT22054,""03/10/2025 08:08:42"""
"CMRLPT22127,""08/10/2025 08:15:22"""
"CMRUCT22008,""26/09/2025 08:22:29"""
"CMRLPT22153,""23/08/2025 08:06:59"""
"CMRLPT22124,""19/10/2025 11:27:03"""
"CMRLPT22141,""18/10/2025 09:48:55"""
"CMRUCT22116,""12/10/2025 13:12:51"""
"CMRUCT22111,""15/10/2025 23:04:36"""
"CMRUCT22114,""15/10/2025 09:53:29"""
"CMRUCT22113,""05/10/2025 09:21:13"""
"CMRLPT22099,""13/07/2025 08:35:48"""
"CMRUCT22086,""18/10/2025 09:23:32"""
"CMRLPT21088,""20/09/2025 11:02:01"""
"CMRLPT22145,""20/09/2025 10:13:59"""
"CMRLPT22146,""03/10/2025 08:50:23"""
"CMRLPT22114,""15/10/2025 08:48:41"""
"CMRUCT22123,""19/10/2025 08:06:45"""
"CMRLPT22110,""08/10/2025 07:49:59"""
"CMRLPT21041,""01/10/2025 07:07:35"""
"CMRLPT22115,""22/10/2025 09:17:50"""
"CMRLPT22018,""21/09/2025 10:11:00"""
"CMRLPT22126,""17/10/2025 07:35:32"""
"CMRLPT22147,""23/10/2025 08:08:57"""
"CMRLPT22149,""19/10/2025 09:07:12"""
"CMRLPT21124,""20/07/2025 07:54:47"""
"CMRUCT20091,""12/10/2025 15:55:29"""
"CMRLPT22123,""02/10/2025 09:22:02"""
"CMRLPT22118,""24/09/2025 12:19:33"""
"CMRUCT22117,""22/10/2025 08:19:44"""
"CMRLPT22109,""28/09/2025 09:05:14"""
"CMRLPT22117,""08/10/2025 08:20:46"""
"CMRLPT22144,""10/10/2025 08:44:33"""
"CMRUCT21072,""12/10/2025 13:24:03"""
"CMRUCT22115,""16/10/2025 12:17:27"""
"CMRUCT22109,""19/08/2025 07:39:55"""
"CMRLPT22157,""05/10/2025 11:36:16"""
"CMRUCT22121,""17/10/2025 08:40:53"""
"CMRLPT22136,""16/10/2025 07:59:14"""
"CMRLPT22135,""15/10/2025 09:47:43"""
"CMRLPT22132,""20/10/2025 15:55:55"""
"CMRLPT22072,""19/10/2025 12:23:26"""
"CMRLPT22138,""03/09/2025 08:27:04"""
"CMRLPT22134,""10/10/2025 09:55:29"""
"CMRUCT19234,""27/09/2025 09:00:19"""
"CMRUCT20109,""01/10/2025 07:20:38"""
"CMRUCT21098,""20/10/2025 09:49:15"""
"CMRLPT22131,""08/10/2025 08:00:20"""
"CMRUCT19003,""16/03/2025 12:03:06"""
"CMRUCT22070,""17/10/2025 08:19:11"""
"CMRUCT22127,""15/10/2025 21:00:57"""
"CMRUCT22126,""12/10/2025 09:04:19"""
"CMRUCT20051,""12/10/2025 16:52:03"""
"CMRLPT21104,""12/10/2025 10:00:54"""
"CMRUCT22062,""18/10/2025 09:38:40"""
"CMRUCT20068,""20/10/2025 18:33:18"""
"CMRUCT22094,""15/10/2025 10:16:23"""
"CMRLPT22120,""24/07/2025 16:03:50"""
"CMRUCT22056,""19/10/2025 10:42:21"""
"CMRLPT19190,""25/09/2025 08:47:08"""
"CMRUCT22108,""15/10/2025 08:26:50"""
"CMRUCT22118,""12/10/2025 18:42:45"""
"CMRUCT22110,""12/10/2025 11:25:21"""
"CMRLPT22091,""01/10/2025 08:33:07"""
"CMRLPT22171,""26/09/2025 07:45:58"""
"CMRLPT23020,""15/10/2025 08:09:02"""
"CMRUCT22112,""20/10/2025 08:53:37"""
"CMRUCT22119,""28/09/2025 12:09:15"""
"CMRLPT21026,""29/09/2025 12:51:32"""
"CMRLPT21042,""05/10/2025 10:03:29"""
"CMRLPT23086,""03/10/2025 09:00:20"""
"CMRLPT23092,""17/09/2025 19:23:24"""
"CMRLPT23082,""17/09/2025 09:40:19"""
"CMRLPT23083,""01/10/2025 07:44:42"""
"CMRLPT23084,""05/10/2025 12:02:06"""
"CMRLPT23085,""26/09/2025 09:48:18"""
"CMRUCT23039,""19/10/2025 08:16:15"""
"CMRLPT21027,""03/10/2025 07:41:57"""
"CMRLPT23073,""28/09/2025 11:38:43"""
"CMRLPT23075,""29/09/2025 09:22:01"""
"CMRLPT23094,""05/10/2025 09:00:30"""
"CMRUCT23040,""13/10/2025 07:19:10"""
"CMRLPT23093,""08/10/2025 16:25:36"""
"CMRUCT23041,""15/10/2025 13:16:20"""
"CMRUCT23044,""12/10/2025 20:17:06"""
"CMRUCT23045,""13/10/2025 06:21:41"""
"CMRUCT23046,""14/10/2025 18:12:48"""
"CMRLPT23061,""10/10/2025 10:29:06"""
"CMRUCT23047,""19/10/2025 11:32:01"""
"CMRUCT23048,""12/10/2025 18:22:29"""
"CMRUCT23118,""08/10/2025 08:44:21"""
"CMRLPT23008,""02/10/2025 17:08:04"""
"CMRUCT23132,""21/10/2025 21:18:34"""
"CMRUCT23113,""21/09/2025 10:14:36"""
"CMRUCT23121,""21/09/2025 12:26:11"""
"CMRUCT23123,""13/10/2025 17:43:29"""
"CMRLPT23064,""21/10/2025 12:50:24"""
"CMRLPT23067,""12/10/2025 08:56:31"""
"CMRLPT23068,""11/10/2025 09:58:57"""
"CMRLPT23013,""08/10/2025 10:37:57"""
"CMRUCT23122,""12/10/2025 12:23:28"""
"CMRUCT23079,""13/10/2025 09:33:56"""
"CMRUCT23071,""30/09/2025 07:14:48"""
"CMRUCT23082,""16/10/2025 03:25:38"""
"CMRUCT23002,""16/10/2025 08:39:05"""
"CMRUCT23005,""01/10/2025 01:30:34"""
"CMRUCT23049,""16/10/2025 09:20:44"""
"CMRUCT23085,""19/10/2025 10:45:07"""
"CMRUCT23086,""19/10/2025 08:19:12"""
"CMRLPT23066,""24/09/2025 08:28:07"""
"CMRUCT23151,""22/10/2025 07:48:41"""
"CMRUCT23050,""22/10/2025 08:38:21"""
"CMRUCT23051,""12/10/2025 22:39:33"""
"CMRUCT23006,""25/09/2025 10:41:11"""
"CMRUCT23007,""21/10/2025 09:25:25"""
"CMRUCT23008,""12/10/2025 16:21:08"""
"CMRUCT23010,""13/10/2025 07:42:30"""
"CMRLPT21025,""05/10/2025 16:20:12"""
"CMRLPT23010,""28/09/2025 08:32:41"""
"CMRUCT23052,""20/10/2025 07:05:10"""
"CMRLPT23076,""16/10/2025 08:40:38"""
"CMRLPT23047,""15/10/2025 06:57:32"""
"CMRUCT23004,""13/10/2025 08:43:23"""
"CMRLPT22002,""15/10/2025 06:51:19"""
"CMRUCT23001,""12/10/2025 23:38:14"""
"CMRLPT23006,""20/07/2025 08:43:13"""
"CMRUCT22065,""15/10/2025 13:08:40"""
"CMRLPT23056,""13/10/2025 10:11:29"""
"CMRLPT23011,""02/10/2025 12:25:36"""
"CMRLPT23040,""30/08/2025 11:47:15"""
"CMRLPT22041,""08/10/2025 07:43:23"""
"CMRUCT23128,""15/10/2025 08:20:18"""
"CMRUCT23127,""20/10/2025 11:50:58"""
"CMRUCT23126,""14/10/2025 09:21:10"""
"CMRUCT23136,""06/10/2025 08:30:28"""
"CMRUCT23112,""17/10/2025 07:24:16"""
"CMRUCT23131,""12/10/2025 20:57:35"""
"CMRUCT21097,""15/10/2025 15:22:58"""
"CMRLPT23009,""11/07/2025 14:09:10"""
"CMRUCT23003,""14/10/2025 16:30:51"""
"CMRUCT23100,""22/10/2025 08:00:21"""
"CMRUCT23130,""13/10/2025 14:15:13"""
"CMRUCT23135,""14/10/2025 08:45:02"""
"CMRLPT22101,""02/04/2025 11:33:19"""
"CMRLPT22166,""01/10/2025 14:03:46"""
"CMRUCT23101,""13/09/2025 07:29:14"""
"CMRUCT23102,""18/09/2025 15:16:17"""
"CMRUCT23119,""08/10/2025 08:01:01"""
"CMRUCT23095,""03/10/2025 08:19:56"""
"CMRUCT23092,""14/10/2025 07:58:05"""
"CMRLPT23088,""19/10/2025 09:19:19"""
"CMRLPT23091,""26/09/2025 09:31:59"""
"CMRLPT23096,""26/09/2025 08:23:04"""
"CMRLPT23058,""11/10/2025 10:47:32"""
"CMRLPT23057,""28/09/2025 08:55:07"""
"CMRLPT23032,""11/10/2025 07:41:24"""
"CMRLPT19238,""28/08/2025 16:06:26"""
"CMRLPT19236,""22/10/2025 11:56:43"""
"CMRLPT19227,""03/10/2025 09:12:32"""
"CMRLPT19219,""05/09/2025 09:55:36"""
"CMRLPT22179,""15/10/2025 08:12:13"""
"CMRLPT19239,""03/10/2025 10:23:55"""
"CMRLPT19212,""10/10/2025 10:05:29"""
"CMRLPT20101,""03/10/2025 11:23:28"""
"CMRUCT23104,""26/07/2025 09:32:28"""
"CMRUCT23057,""20/10/2025 07:45:48"""
"CMRLPT20003,""05/10/2025 08:45:56"""
"CMRLPT23050,""17/10/2025 09:37:53"""
"CMRLPT23053,""20/10/2025 09:26:55"""
"CMRLPT23054,""23/09/2025 11:46:09"""
"CMRLPT23089,""05/10/2025 08:37:27"""
"CMRUCT23107,""17/10/2025 08:32:30"""
"CMRLPT19250,""04/09/2025 10:38:18"""
"CMRLPT22151,""27/09/2025 07:37:40"""
"CMRTLV21003,""09/08/2025 08:28:28"""
"CMRLPT21105,""12/09/2025 14:24:42"""
"CMRUCT23012,""24/09/2025 10:38:57"""
"CMRUCT23058,""12/10/2025 21:36:52"""
"CMRUCT23074,""22/10/2025 08:00:02"""
"CMRLPT23097,""28/09/2025 09:04:47"""
"CMRLPT22165,""22/10/2025 13:44:30"""
"CMRLPT22158,""01/10/2025 08:49:15"""
"CMRLPT22172,""17/10/2025 09:49:14"""
"CMRUCT22097,""19/10/2025 16:30:43"""
"CMRUCT23179,""17/10/2025 08:19:18"""
"CMRUCT23183,""19/10/2025 09:08:59"""
"CMRUCT23133,""15/10/2025 19:07:56"""
"CMRUCT23181,""14/10/2025 10:18:29"""
"CMRUCT23108,""14/10/2025 06:22:46"""
"CMRUCT20067,""12/10/2025 16:51:44"""
"CMRUCT23043,""13/09/2025 13:19:00"""
"CMRLPT21062,""08/10/2025 11:08:14"""
"CMRLPT22049,""28/09/2025 09:53:15"""
"CMRLPT22133,""08/10/2025 06:49:42"""
"CMRLPT22010,""04/10/2025 10:10:14"""
"CMRLPT22082,""19/10/2025 09:32:16"""
"CMRUCT23173,""12/10/2025 14:43:02"""
"CMRLPT21032,""27/09/2025 11:00:00"""
"CMRUCT23059,""12/10/2025 17:33:12"""
"CMRLPT23038,""07/10/2025 08:50:30"""
"CMRLPT23012,""03/10/2025 11:06:29"""
"CMRLPT21084,""11/10/2025 07:50:32"""
"CMRLPT22028,""11/10/2025 14:41:47"""
"CMRUCT21122,""12/10/2025 14:27:04"""
"CMRLPT22027,""15/10/2025 07:32:51"""
"CMRLPT21058,""25/09/2025 16:41:44"""
"CMRLPT22047,""24/09/2025 07:24:43"""
"CMRLPT23018,""03/10/2025 08:02:13"""
"CMRLPT23014,""27/09/2025 09:51:50"""
"CMRLPT23021,""08/08/2025 07:38:15"""
"CMRUCT23011,""13/10/2025 07:43:46"""
"CMRLPT23024,""24/09/2025 10:15:52"""
"CMRLPT23030,""09/10/2025 07:27:48"""
"CMRLPT23016,""03/10/2025 08:50:27"""
"CMRUCT23053,""19/10/2025 14:33:58"""
"CMRLPT23025,""19/10/2025 08:37:45"""
"CMRLPT22080,""17/10/2025 07:49:23"""
"CMRUCT21103,""22/10/2025 07:35:35"""
"CMRLPT23071,""26/09/2025 10:03:16"""
"CMRLPT20042,""21/09/2025 18:32:41"""
"CMRLPT23039,""13/09/2025 13:51:56"""
"SABCBIOM104,""12/10/2025 11:49:51"""
"CMRLPT21125,""19/10/2025 10:17:04"""
"CMRLPT22021,""22/10/2025 08:01:02"""
"CMRLPT22139,""05/10/2025 10:35:45"""
"CMRTLV22001,""16/07/2025 13:37:47"""
"CMRUCT20069,""14/10/2025 09:56:32"""
"CMRLPT21163,""08/10/2025 14:39:13"""
"CMRLPT22150,""24/09/2025 09:41:23"""
"CMRLPT21118,""01/10/2025 08:34:21"""
"CMRLPT21145,""08/10/2025 09:19:39"""
"CMRLPT21023,""20/07/2025 07:03:45"""
"CMRLPT21082,""11/10/2025 14:30:36"""
"CMRLPT22063,""31/08/2025 13:04:46"""
"CMRLPT22128,""08/10/2025 08:49:24"""
"CMRLPT20051,""19/10/2025 11:09:49"""
"CMRLPT22037,""16/09/2025 10:35:05"""
"CMRUCT22091,""15/10/2025 08:55:13"""
"CMRLPT21158,""24/09/2025 13:19:35"""
"CMRLPT19247,""10/04/2025 12:20:55"""
"CMRUCT23125,""13/10/2025 11:50:52"""
"CMRUCT23106,""13/10/2025 18:00:15"""
"CMRUCT21128,""16/10/2025 09:15:42"""
"CMRUCT23072,""14/10/2025 12:18:04"""
"CMRUCT21129,""05/10/2025 12:04:15"""
"CMRUCT23069,""15/10/2025 09:50:23"""
"CMRLPT22011,""28/09/2025 07:27:12"""
"CMRUCT23073,""21/10/2025 11:15:42"""
"CMRUCT23081,""16/10/2025 07:04:06"""
"CMRLPT22060,""05/10/2025 16:14:12"""
"CMRUCT22014,""15/10/2025 14:39:33"""
"CMRUCT23075,""10/10/2025 08:29:27"""
"CMRUCT23134,""18/10/2025 15:09:18"""
"CMRUCT23117,""19/10/2025 14:27:26"""
"CMRUCT23084,""13/10/2025 14:43:10"""
"CMRUCT23017,""13/10/2025 22:01:23"""
"CMRUCT23060,""15/10/2025 08:00:29"""
"CMRLPT23037,""19/10/2025 09:09:53"""
"CMRLPT23098,""27/09/2025 08:34:12"""
"CMRLPT22119,""24/09/2025 09:45:22"""
"CMRUCT23018,""12/10/2025 12:59:06"""
"CMRUCT23110,""14/10/2025 14:54:54"""
"CMRUCT23019,""13/10/2025 09:46:30"""
"CMRUCT23109,""13/10/2025 15:22:42"""
"CMRUCT23177,""10/09/2025 09:34:52"""
"CMRUCT23147,""09/10/2025 09:25:54"""
"CMRUCT23176,""12/10/2025 08:58:59"""
"CMRLPT19162,""27/09/2025 08:55:28"""
"CMRLPT23036,""15/10/2025 08:22:48"""
"CMRLPT23045,""12/10/2025 08:19:04"""
"CMRLPT22081,""27/09/2025 13:28:38"""
"CMRLPT23079,""08/10/2025 08:03:24"""
"CMRLPT23081,""17/10/2025 07:55:52"""
"CMRLPT23041,""26/09/2025 11:38:16"""
"CMRLPT23034,""03/10/2025 14:00:48"""
"CMRUCT23061,""15/10/2025 07:51:31"""
"CMRUCT23165,""22/10/2025 08:28:20"""
"CMRUCT21135,""19/10/2025 09:36:20"""
"CMRUCT23158,""14/06/2025 12:44:08"""
"CMRUCT23172,""08/08/2025 09:02:31"""
"CMRLPT22039,""23/10/2025 08:36:48"""
"CMRUCT23115,""15/10/2025 01:30:03"""
"CMRLPT19269,""27/09/2025 08:32:49"""
"CMRUCT21070,""26/09/2025 07:58:54"""
"CMRLPT22168,""22/10/2025 06:48:12"""
"CMRUCT23064,""12/10/2025 20:23:31"""
"CMRUCT23078,""18/10/2025 09:09:58"""
"CMRUCT23063,""13/10/2025 03:13:03"""
"CMRUCT23167,""08/10/2025 08:36:22"""
"CMRUCT21080,""26/09/2025 14:23:54"""
"CMRUCT23169,""22/10/2025 07:56:24"""
"CMRUCT20096,""08/10/2025 07:50:09"""
"CMRLPT23049,""24/09/2025 09:18:49"""
"CMRUCT23148,""17/10/2025 08:46:54"""
"CMRUCT23166,""19/10/2025 12:11:49"""
"CMRLPT23028,""08/10/2025 08:13:21"""
"CMRUCT23099,""22/10/2025 07:19:17"""
"CMRLPT19165,""26/09/2025 07:50:27"""
"CMRUCT23168,""23/07/2025 08:26:33"""
"CMRUCT23145,""17/10/2025 07:59:23"""
"CMRLPT23035,""03/10/2025 08:38:32"""
"CMRUCT23020,""13/10/2025 10:14:33"""
"CMRUCT23138,""30/09/2025 10:14:38"""
"CMRUCT23144,""05/10/2025 11:34:59"""
"CMRLPT23003,""18/07/2025 08:34:45"""
"CMRUCT23152,""26/09/2025 10:08:24"""
"CMRUCT23013,""26/09/2025 11:55:37"""
"CMRLPT23063,""05/10/2025 09:44:36"""
"CMRLPT22070,""08/10/2025 09:33:48"""
"CMRLPT22079,""17/09/2025 10:33:13"""
"CMRUCT21069,""03/10/2025 09:41:57"""
"CMRUCT23111,""24/09/2025 10:00:56"""
"CMRLPT19167,""03/10/2025 09:33:47"""
"CMRUCT23182,""17/10/2025 10:14:51"""
"CMRLPT23062,""28/09/2025 09:33:30"""
"CMRLPT19175,""19/10/2025 09:31:51"""
"CMRLPT21091,""03/10/2025 07:43:26"""
"CMRUCT23023,""15/10/2025 07:55:27"""
"CMRLPT20074,""22/10/2025 09:50:33"""
"CMRUCT19111,""14/07/2025 16:34:08"""
"CMRLPT19156,""22/10/2025 07:16:51"""
"CMRLPT23124,""25/07/2025 08:27:47"""
"CMRUCT23024,""14/10/2025 15:07:29"""
"CMRLPT19168,""18/10/2025 08:05:20"""
"CMRLPT23117,""19/10/2025 09:50:46"""
"CMRUCT23027,""14/10/2025 11:18:12"""
"CMRLPT23108,""19/07/2025 07:39:25"""
"CMRUCT23025,""26/08/2025 23:34:40"""
"CMRLPT22111,""26/09/2025 08:17:47"""
"CMRUCT23026,""16/10/2025 06:56:02"""
"CMRUCT23159,""26/09/2025 08:06:24"""
"CMRUCT21036,""24/09/2025 08:55:25"""
"CMRUCT23096,""19/10/2025 09:45:23"""
"CMRLPT20100,""20/07/2025 07:15:22"""
"CMRLPT22045,""16/10/2025 07:39:36"""
"CMRUCT23022,""15/10/2025 22:30:33"""
"CMRLPT19004,""02/10/2025 09:29:31"""
"CMRUCT23098,""13/10/2025 10:49:08"""
"CMRUCT23076,""18/10/2025 12:12:17"""
"CMRUCT23077,""28/09/2025 14:47:21"""
"CMRUCT23097,""14/10/2025 09:21:32"""
"CMRUCT23031,""21/10/2025 11:40:50"""
"CMRUCT21031,""19/10/2025 14:01:22"""
"CMRLPT21065,""04/10/2025 08:21:41"""
"CMRLPT19166,""15/10/2025 16:20:11"""
"CMRUCT23055,""15/10/2025 14:41:23"""
"CMRUCT23154,""30/09/2025 10:35:08"""
"CMRUCT23149,""13/10/2025 19:41:20"""
"CMRUCT23162,""12/10/2025 20:45:40"""
"CMRUCT23080,""15/10/2025 15:55:34"""
"CMRLPT23052,""16/10/2025 08:01:08"""
"CMRLPT23119,""15/10/2025 11:45:07"""
"CMRLPT20060,""08/10/2025 09:07:26"""
"CMRUCT22057,""17/10/2025 07:36:58"""
"CMRUCT23141,""26/09/2025 17:07:32"""
"CMRUCT21118,""13/10/2025 16:03:36"""
"CMRLPT23110,""24/09/2025 10:15:44"""
"CMRUCT19235,""13/08/2025 15:22:06"""
"CMRUCT23175,""19/10/2025 08:10:14"""
"CMRUCT22030,""12/10/2025 14:28:37"""
"CMRUCT22039,""16/10/2025 16:37:01"""
"CMRUCT20072,""12/10/2025 14:15:51"""
"CMRUCT23156,""24/09/2025 10:14:18"""
"CMRLPT20009,""12/10/2025 08:21:30"""
"CMRUCT23239,""20/07/2025 09:17:10"""
"CMRUCT23245,""25/09/2025 11:09:24"""
"CMRUCT23146,""17/10/2025 08:45:46"""
"CMRLPT22095,""26/09/2025 09:30:28"""
"CMRUCT23033,""17/10/2025 07:33:15"""
"CMRUCT23238,""12/09/2025 13:48:18"""
"CMRUCT23242,""15/10/2025 18:47:26"""
"CMRUCT23247,""18/10/2025 12:04:12"""
"CMRUCT20044,""12/10/2025 16:59:40"""
"CMRUCT23240,""15/10/2025 23:24:45"""
"CMRUCT23249,""13/10/2025 15:27:42"""
"CMRUCT23243,""12/10/2025 22:23:55"""
"CMRUCT23241,""12/10/2025 17:30:45"""
"CMRUCT23248,""16/10/2025 09:48:17"""
"CMRUCT23153,""12/10/2025 10:04:24"""
"CMRLPT23122,""19/10/2025 12:49:44"""
"CMRLPT21047,""19/10/2025 06:42:59"""
"CMRUCT23174,""19/10/2025 08:43:17"""
"CMRLPT19363,""04/10/2025 16:24:02"""
"CMRUCT23116,""17/10/2025 07:38:01"""
"CMRUCT23037,""13/10/2025 11:06:07"""
"CMRUCT23137,""26/09/2025 10:37:11"""
"CMRLPT23112,""12/09/2025 21:26:59"""
"CMRLPT23033,""24/09/2025 08:01:21"""
"CMRLPT23059,""16/10/2025 10:48:39"""
"CMRUCT23246,""19/10/2025 09:23:10"""
"CMRUCT20064,""14/10/2025 00:19:16"""
"CMRUCT19002,""12/09/2025 08:10:28"""
"CMRUCT20061,""01/10/2025 09:07:57"""
"CMRLPT23123,""19/10/2025 07:54:16"""
"CMRUCT23210,""17/10/2025 16:29:01"""
"CMRLPT23121,""10/10/2025 16:27:58"""
"CMRLPT23143,""22/10/2025 07:13:10"""
"CMRUCT23250,""28/09/2025 14:12:37"""
"CMRLPT23142,""08/10/2025 10:11:45"""
"CMRUCT23211,""21/10/2025 12:45:07"""
"CMRLPT20087,""01/10/2025 07:57:20"""
"CMRLPT20077,""30/09/2025 16:31:32"""
"CMRUCT20004,""12/10/2025 19:31:44"""
"CMRUCT23150,""24/09/2025 06:57:00"""
"CMRLPT19174,""16/10/2025 08:46:30"""
"CMRLPT23115,""03/10/2025 08:51:05"""
"CMRUCT23221,""16/10/2025 14:57:45"""
"CMRLPT19154,""03/10/2025 08:47:26"""
"CMRUCT23208,""12/10/2025 19:32:37"""
"CMRLPT22096,""21/10/2025 08:55:28"""
"CMRLPT21004,""13/10/2025 17:14:47"""
"CMRUCT23066,""17/10/2025 04:28:13"""
"CMRLPT22155,""01/10/2025 10:36:11"""
"CMRUCT23207,""12/10/2025 13:56:20"""
"CMRLPT20080,""08/10/2025 07:19:59"""
"CMRLPT23137,""19/10/2025 06:41:21"""
"CMRUCT23203,""05/10/2025 14:15:18"""
"CMRUCT23205,""17/10/2025 10:06:42"""
"CMRUCT23206,""12/10/2025 14:19:01"""
"CMRUCT19142,""20/07/2025 11:01:10"""
"CMRLPT23125,""16/10/2025 09:24:42"""
"CMRUCT23230,""21/09/2025 11:42:38"""
"CMRUCT23201,""17/10/2025 10:56:08"""
"CMRLPT23138,""22/08/2025 08:48:11"""
"CMRLPT23151,""08/10/2025 07:29:27"""
"CMRLPT23160,""05/10/2025 07:56:29"""
"CMRLPT23149,""19/09/2025 11:38:03"""
"CMRUCT21057,""22/10/2025 08:37:11"""
"CMRLPT23141,""27/09/2025 07:21:29"""
"CMRLPT23150,""17/07/2025 17:25:07"""
"CMRUCT19009,""10/08/2025 08:16:44"""
"CMRLPT21103,""17/10/2025 08:03:07"""
"CMRUCT23231,""15/10/2025 08:05:23"""
"CMRLPT23126,""24/09/2025 07:42:51"""
"CMRLPT23130,""28/09/2025 07:15:49"""
"CMRUCT22160,""29/09/2025 17:14:31"""
"CMRLPT19230,""25/09/2025 08:34:30"""
"CMRLPT23135,""13/08/2025 09:18:34"""
"CMRLPT23131,""24/09/2025 07:58:29"""
"CMRLPT23114,""09/10/2025 11:07:09"""
"CMRLPT23164,""03/10/2025 10:19:05"""
"CMRUCT23251,""01/10/2025 07:25:14"""
"CMRLPT23165,""24/09/2025 07:54:30"""
"CMRLPT23166,""11/10/2025 08:12:38"""
"CMRLPT23099,""19/10/2025 11:17:15"""
"CMRLPT23158,""08/10/2025 07:48:43"""
"CMRUCT23160,""13/10/2025 12:23:08"""
"CMRLPT23140,""01/10/2025 07:46:20"""
"CMRLPT22112,""11/10/2025 14:11:07"""
"CMRUCT23028,""17/10/2025 08:27:12"""
"CMRLPT23156,""25/07/2025 08:16:53"""
"CMRUCT20077,""16/10/2025 09:09:27"""
"CMRLPT20008,""10/10/2025 09:10:18"""
"CMRUCT23083,""27/09/2025 11:15:17"""
"CMRLPT22065,""12/10/2025 09:01:58"""
"CMRUCT23252,""15/10/2025 07:30:15"""
"CMRUCT23042,""14/10/2025 16:10:24"""
"CMRUCT23253,""02/10/2025 07:27:02"""
"CMRUCT23254,""12/10/2025 13:53:36"""
"CMRLPT19243,""02/07/2025 11:12:22"""
"CMRUCT23256,""27/09/2025 10:09:56"""
"CMRLPT23145,""20/07/2025 10:43:15"""
"CMRUCT23056,""20/10/2025 10:18:32"""
"CMRLPT23148,""12/10/2025 08:03:22"""
"CMRUCT23257,""02/07/2025 14:55:38"""
"CMRLPT22056,""26/09/2025 10:29:27"""
"CMRUCT23209,""14/10/2025 09:55:12"""
"CMRLPT23167,""19/10/2025 08:25:17"""
"CMRLPT20046,""29/07/2025 22:14:05"""
"CMRLPT23022,""19/09/2025 08:03:20"""
"CMRUCT21109,""19/09/2025 07:55:15"""
"CMRUCT23234,""12/10/2025 19:06:35"""
"CMRUCT15071,""19/10/2025 09:22:55"""
"CMRUCT23223,""09/10/2025 15:46:28"""
"CMRLPT21068,""02/10/2025 14:24:00"""
"CMRLPT23136,""01/08/2025 07:57:04"""
"CMRUCT23032,""12/10/2025 15:42:36"""
"CMRUCT22164,""12/10/2025 17:00:48"""
"CMRLPT23103,""13/10/2025 11:52:13"""
"CMRLPT23146,""21/08/2025 09:48:27"""
"CMRUCT23260,""26/09/2025 09:41:34"""
"CMRLPT23102,""25/09/2025 08:05:24"""
"CMRUCT23161,""19/10/2025 08:34:33"""
"CMRUCT21020,""11/10/2025 07:46:09"""
"CMRUCT23226,""14/10/2025 08:38:06"""
"CMRUCT22162,""17/10/2025 19:34:30"""
"CMRLPT23176,""23/07/2025 09:38:22"""
"CMRLPT23104,""24/09/2025 08:41:10"""
"CMRLPT21164,""18/10/2025 09:08:26"""
"CMRLPT23179,""28/09/2025 12:31:43"""
"CMRUCT23225,""12/10/2025 13:40:02"""
"CMRLPT23178,""01/09/2025 11:52:42"""
"CMRLPT23177,""06/08/2025 07:30:34"""
"CMRUCT21039,""12/10/2025 14:20:39"""
"CMRLPT22077,""02/10/2025 07:44:04"""
"CMRLPT23139,""24/09/2025 09:29:38"""
"CMRLPT23101,""05/10/2025 08:25:44"""
"CMRUCT23233,""12/10/2025 20:52:00"""
"CMRUCT23029,""16/10/2025 15:53:41"""
"CMRUCT20087,""12/10/2025 15:28:07"""
"CMRUCT22021,""12/10/2025 15:47:55"""
"CMRLPT20049,""19/10/2025 07:36:16"""
"CMRLPT19242,""03/10/2025 12:27:21"""
"CMRUCT23224,""12/10/2025 14:28:23"""
"CMRLPT23152,""24/07/2025 08:32:50"""
"CMRUCT21084,""01/10/2025 08:02:23"""
"CMRLPT23153,""20/07/2025 10:06:32"""
"CMRLPT19354,""26/09/2025 10:09:09"""
"CMRLPT21159,""22/10/2025 07:24:32"""
"CMRUCT20073,""12/10/2025 22:49:53"""
"CMRLPT23109,""26/09/2025 11:21:14"""
"CMRUCT20007,""12/10/2025 22:53:48"""
"CMRUCT23038,""19/10/2025 09:50:50"""
"CMRUCT23197,""15/10/2025 16:08:23"""
"CMRLPT21121,""19/10/2025 09:59:51"""
"CMRLPT23175,""08/10/2025 10:37:07"""
"CMRLPT23174,""09/08/2025 09:55:12"""
"CMRLPT23159,""19/10/2025 10:42:39"""
"CMRLPT22197,""13/10/2025 00:55:06"""
"CMRLPT19187,""16/09/2025 09:26:12"""
"CMRUCT23258,""25/11/2024 15:07:18"""
"CMRLPT23105,""23/07/2025 10:17:08"""
"CMRUCT21089,""19/09/2025 08:58:29"""
"CMRUCT20146,""17/10/2025 07:10:05"""
"CMRUCT23213,""29/09/2025 16:26:15"""
"CMRUCT23036,""12/10/2025 14:01:48"""
"CMRLPT23154,""23/07/2025 09:02:26"""
"CMRUCT21102,""15/10/2025 07:01:19"""
"CMRLPT19088,""17/10/2025 07:52:43"""
"CMRUCT23232,""24/09/2025 15:22:54"""
"CMRUCT23222,""12/10/2025 12:09:51"""
"CMRLPT23188,""01/08/2025 07:58:57"""
"CMRLPT23111,""03/10/2025 07:44:08"""
"CMRUCT23214,""13/10/2025 10:17:18"""
"CMRLPT23147,""19/10/2025 08:22:44"""
"CMRUCT19135,""21/08/2025 07:47:39"""
"CMRUCT23185,""03/05/2025 09:02:42"""
"CMRUCT23180,""19/10/2025 08:36:48"""
"CMRUCT23191,""14/08/2025 09:11:09"""
"CMRUCT23190,""19/10/2025 08:45:52"""
"CMRLPT23186,""17/10/2025 11:17:28"""
"CMRLPT20053,""09/10/2025 14:27:09"""
"CMRUCT23228,""15/10/2025 08:31:37"""
"CMRLPT23155,""27/09/2025 07:48:53"""
"CMRLPT19356,""07/09/2025 12:28:51"""
"CMRUCT23062,""16/10/2025 08:20:22"""
"CMRLPT23193,""23/10/2025 10:05:26"""
"CMRLPT23191,""19/10/2025 20:05:21"""
"CMRLPT23194,""01/10/2025 08:49:56"""
"CMRLPT23196,""20/08/2025 09:36:25"""
"CMRLPT23197,""21/10/2025 17:18:55"""
"CMRLPT23198,""22/10/2025 07:43:44"""
"CMRUCT23188,""19/09/2025 07:34:38"""
"CMRUCT22120,""17/10/2025 15:16:58"""
"CMRUCT23200,""02/10/2025 14:23:22"""
"CMRLPT23187,""12/09/2025 10:18:59"""
"CMRLPT23043,""15/10/2025 10:43:59"""
"CMRLPT23200,""03/10/2025 10:01:14"""
"CMRLPT23201,""26/09/2025 07:39:53"""
"CMRLPT23199,""17/10/2025 09:19:01"""
"CMRLPT23202,""05/10/2025 09:38:03"""
"CMRLPT23219,""12/10/2025 09:13:20"""
"CMRLPT23207,""26/09/2025 10:23:48"""
"CMRLPT23204,""20/09/2025 09:20:11"""
"CMRLPT23107,""12/10/2025 09:50:58"""
"CMRUCT23237,""28/09/2025 07:30:00"""
"CMRUCT23171,""15/10/2025 10:36:53"""
"CMRUCT23229,""20/10/2025 09:54:40"""
"CMRLPT19069,""09/05/2025 17:56:06"""
"CMRLPT21053,""17/10/2025 08:45:46"""
"CMRLPT23078,""22/10/2025 08:24:33"""
"CMRUCT23193,""09/11/2024 22:29:31"""
"CMRLPT19205,""20/10/2025 09:38:47"""
"CMRUCT19101,""19/07/2025 08:05:34"""
"CMRUCT23259,""17/10/2025 09:53:30"""
"CMRLPT19057,""08/10/2025 07:18:38"""
"CMRUCT21110,""14/10/2025 00:21:40"""
"CMRUCT23220,""30/09/2025 19:09:05"""
"CMRUCT23212,""10/10/2025 08:16:09"""
"CMRUCT23034,""19/10/2025 11:47:12"""
"CMRLPT21072,""05/10/2025 07:39:13"""
"CMRLPT23190,""19/10/2025 11:13:09"""
"CMRLPT22161,""07/10/2025 10:25:38"""
"CMRLPT19211,""04/10/2025 19:05:53"""
"CMRLPT21167,""19/10/2025 09:07:13"""
"CMRLPT23019,""18/10/2025 10:08:28"""
"CMRLPT23192,""23/10/2025 12:40:12"""
"CMRLPT23208,""19/10/2025 23:07:35"""
"CMRUCT23215,""12/10/2025 16:41:26"""
"CMRLPT23029,""10/10/2025 09:09:46"""
"CMRUCT23216,""12/10/2025 19:30:03"""
"CMRLPT19253,""26/09/2025 15:18:59"""
"CMRLPT23161,""19/10/2025 09:08:52"""
"CMRUCT21092,""12/10/2025 19:14:27"""
"CMRLPT23113,""18/10/2025 09:16:13"""
"CMRLPT23212,""19/10/2025 09:05:16"""
"CMRLPT23210,""05/10/2025 09:15:57"""
"CMRLPT23211,""19/10/2025 09:54:32"""
"CMRLPT23027,""12/10/2025 17:25:15"""
"CMRUCT22089,""27/09/2025 01:24:12"""
"CMRUCT20121,""17/10/2025 08:36:54"""
"CMRUCT21030,""14/10/2025 10:55:53"""
"CMRUCT21120,""14/10/2025 09:37:59"""
"CMRLPT23206,""01/10/2025 09:52:04"""
"CMRLPT19279,""27/09/2025 10:39:00"""
"CMRLPT19282,""24/09/2025 09:23:32"""
"CMRLPT23205,""05/10/2025 14:44:00"""
"CMRLPT21147,""29/08/2025 10:30:34"""
"CMRUCT21123,""18/10/2025 01:46:54"""
"CMRLPT19200,""19/10/2025 10:09:34"""
"CMRLPT19369,""21/10/2025 21:22:22"""
"CMRLPT23214,""05/10/2025 09:19:03"""
"CMRLPT23213,""03/10/2025 10:07:48"""
"CMRUCT23217,""13/10/2025 09:59:07"""
"CMRUCT20140,""19/10/2025 12:45:20"""
"CMRLPT23215,""22/10/2025 08:23:03"""
"CMRUCT22161,""12/10/2025 18:14:12"""
"CMRUCT23195,""18/10/2025 12:00:03"""
"CMRLPT23216,""22/10/2025 08:38:24"""
"CMRLPT23217,""05/10/2025 09:16:26"""
"CMRLPT23218,""01/10/2025 08:15:19"""
"CMRLPT23180,""12/09/2025 10:14:15"""
"CMRLPT23195,""09/10/2025 07:57:23"""
"CMRLPT23162,""05/10/2025 08:25:38"""
"CMRLPT19358,""26/09/2025 11:02:55"""
"CMRLPT22048,""08/10/2025 08:12:40"""
"CMRLPT22042,""18/10/2025 10:06:05"""
"CMRUCT20165,""08/10/2025 09:37:48"""
"CMRLPT19288,""19/10/2025 15:14:10"""
"CMRLPT19378,""05/10/2025 11:26:46"""
"CMRUCT22102,""15/10/2025 08:24:52"""
"CMRLPT22200,""30/09/2025 12:02:51"""
"CMRLPT22176,""08/10/2025 09:22:05"""
"CMRLPT19304,""03/09/2025 09:50:13"""
"CMRLPT19290,""08/10/2025 15:05:10"""
"CMRLPT20093,""22/07/2025 10:23:38"""
"CMRUCT19137,""19/10/2025 10:10:49"""
"CMRUCT22122,""24/09/2025 10:10:17"""
"CMRUCT22134,""12/10/2025 19:32:14"""
"CMRUCT22152,""12/10/2025 20:21:45"""
"CMRUCT22129,""17/10/2025 09:38:20"""
"CMRUCT22133,""14/10/2025 10:10:26"""
"CMRUCT21086,""15/10/2025 10:53:46"""
"CMRUCT19107,""04/07/2025 01:11:10"""
"CMRUCT22156,""12/10/2025 22:04:14"""
"CMRUCT20163,""12/10/2025 14:00:56"""
"CMRUCT20155,""14/10/2025 12:04:17"""
"CMRUCT22145,""12/10/2025 19:41:20"""
"CMRUCT23163,""16/10/2025 11:59:43"""
"CMRUCT22098,""28/09/2025 15:22:10"""
"CMRUCT22099,""16/10/2025 16:24:18"""
"CMRUCT22166,""29/09/2025 14:31:49"""
"CMRLPT20117,""13/08/2025 08:31:04"""
"CMRLPT21170,""27/09/2025 09:02:56"""
"CMRUCT19068,""30/09/2025 08:32:16"""
"CMRUCT21032,""12/10/2025 14:52:48"""
"CMRUCT23120,""13/10/2025 11:38:55"""
"CMRLPT22183,""26/09/2025 09:44:07"""
"CMRUCT20173,""21/10/2025 10:56:03"""
"CMRLPT23222,""23/10/2025 09:06:12"""
"CMRLPT23223,""28/09/2025 08:26:16"""
"CMRUCT22100,""15/10/2025 09:00:35"""
"CMRLPT23001,""15/10/2025 13:01:11"""
"CMRLPT19366,""25/09/2025 07:12:41"""
"CMRUCT22143,""12/10/2025 14:54:13"""
"CMRLPT22198,""12/10/2025 11:45:40"""
"CMRUCT22146,""13/10/2025 11:29:53"""
"CMRUCT21115,""22/10/2025 14:16:37"""
"CMRUCT23296,""19/10/2025 07:59:25"""
"CMRLPT22177,""26/09/2025 13:05:39"""
"CMRUCT20154,""12/10/2025 16:29:26"""
"CMRLPT23181,""26/09/2025 07:38:16"""
"CMRLPT22181,""10/10/2025 14:21:30"""
"CMRLPT22206,""19/10/2025 10:39:08"""
"CMRUCT22140,""17/10/2025 09:49:01"""
"CMRLPT21043,""30/08/2025 15:34:30"""
"CMRUCT22101,""17/10/2025 07:19:01"""
"CMRUCT22157,""12/10/2025 16:06:45"""
"CMRLPT23163,""28/09/2025 07:25:11"""
"CMRUCT20166,""12/10/2025 19:00:29"""
"CMRUCT23142,""28/09/2025 09:26:07"""
"CMRLPT23226,""20/07/2025 08:19:38"""
"CMRUCT23295,""23/10/2025 15:14:40"""
"CMRUCT23282,""24/09/2025 17:53:29"""
"CMRUCT23299,""24/09/2025 18:30:59"""
"CMRUCT23288,""23/07/2025 13:43:54"""
"CMRUCT19253,""10/10/2025 18:17:42"""
"CMRUCT23270,""24/09/2025 17:54:03"""
"CMRUCT20065,""22/10/2025 08:07:04"""
"CMRUCT23271,""26/09/2025 08:02:19"""
"CMRUCT23286,""16/07/2025 07:56:40"""
"CMRUCT23298,""27/09/2025 11:54:50"""
"CMRLPT23132,""20/07/2025 08:17:39"""
"CMRLPT21056,""03/10/2025 07:39:06"""
"CMRLPT21155,""13/06/2025 08:06:44"""
"CMRUCT23300,""12/10/2025 14:25:51"""
"CMRLPT19271,""22/10/2025 08:23:12"""
"CMRUCT23301,""15/10/2025 08:57:07"""
"CMRUCT19151,""27/09/2025 16:14:57"""
"CMRLPT23005,""22/10/2025 07:01:35"""
"CMRUCT19147,""13/09/2025 15:23:31"""
"CMRUCT22058,""23/10/2025 12:29:36"""
"CMRUCT22105,""19/10/2025 08:37:11"""
"CMRLPT19296,""10/10/2025 09:13:21"""
"CMRLPT19368,""08/10/2025 08:45:15"""
"CMRUCT20170,""15/10/2025 13:31:38"""
"CMRUCT22167,""03/10/2025 11:31:53"""
"CMRLPT22215,""14/10/2025 12:43:21"""
"CMRLPT23235,""19/10/2025 08:46:47"""
"CMRUCT22147,""14/10/2025 15:56:24"""
"CMRLPT19336,""17/10/2025 12:49:59"""
"CMRLPT20111,""24/09/2025 09:19:16"""
"CMRLPT23240,""22/10/2025 16:10:53"""
"CMRLPT23238,""12/10/2025 08:41:08"""
"CMRLPT23239,""01/10/2025 08:15:17"""
"CMRUCT23236,""16/10/2025 17:42:11"""
"CMRUCT20131,""10/09/2025 12:20:13"""
"CMRLPT23244,""22/10/2025 09:08:17"""
"CMRLPT23234,""01/10/2025 09:51:51"""
"CMRLPT23229,""01/10/2025 06:54:48"""
"CMRUCT22149,""28/09/2025 15:17:17"""
"CMRLPT23228,""07/10/2025 08:39:36"""
"CMRLPT23227,""26/09/2025 15:21:30"""
"CMRUCT22139,""15/10/2025 00:18:56"""
"CMRLPT22089,""18/10/2025 09:50:40"""
"CMRUCT20164,""25/09/2025 14:50:55"""
"CMRLPT23231,""19/10/2025 08:58:44"""
"CMRLPT23242,""24/09/2025 07:34:40"""
"CMRLPT23245,""30/09/2025 09:25:07"""
"CMRUCT22151,""03/10/2025 09:40:54"""
"CMRLPT19232,""23/10/2025 13:45:20"""
"CMRLPT23243,""05/10/2025 19:32:38"""
"CMRLPT23237,""11/10/2025 15:08:28"""
"CMRLPT19273,""07/09/2025 10:03:34"""
"CMRLPT19264,""12/10/2025 10:56:27"""
"CMRUCT19163,""06/09/2025 14:43:17"""
"CMRLPT23246,""05/10/2025 11:59:43"""
"CMRUCT22136,""18/06/2025 14:39:45"""
"CMRLPT19359,""20/07/2025 10:33:52"""
"CMRLPT20072,""22/10/2025 06:58:43"""
"CMRUCT20130,""18/10/2025 07:28:43"""
"CMRLPT23268,""18/10/2025 09:12:43"""
"CMRLPT23060,""17/10/2025 14:36:48"""
"CMRLPT23266,""04/08/2025 12:41:37"""
"CMRLPT23262,""13/10/2025 10:37:02"""
"CMRLPT23264,""08/10/2025 08:10:43"""
"CMRLPT20118,""26/09/2025 10:07:09"""
"CMRLPT23270,""15/10/2025 12:01:40"""
"CMRLPT23269,""26/09/2025 10:04:39"""
"CMRLPT23263,""19/10/2025 07:48:29"""
"CMRUCT22138,""22/10/2025 14:32:57"""
"CMRUCT23302,""13/10/2025 10:51:27"""
"CMRLPT23247,""17/10/2025 08:02:15"""
"CMRUCT19104,""25/07/2025 11:13:53"""
"CMRLPT23255,""25/09/2025 10:29:10"""
"CMRUCT19013,""23/07/2025 09:57:09"""
"CMRLPT19186,""12/09/2025 07:36:03"""
"CMRUCT22131,""12/10/2025 21:00:39"""
"CMRLPT22196,""13/10/2025 13:55:45"""
"CMRLPT19177,""24/09/2025 08:26:39"""
"CMRLPT23004,""25/09/2025 08:22:17"""
"CMRUCT23065,""13/10/2025 13:56:08"""
"CMRUCT21060,""17/10/2025 11:06:08"""
"CMRUCT23305,""22/10/2025 13:09:57"""
"CMRLPT22207,""22/10/2025 08:18:53"""
"CMRUCT23306,""20/10/2025 16:43:52"""
"CMRUCT23303,""15/10/2025 07:56:54"""
"CMRLPT23233,""20/07/2025 07:58:54"""
"CMRLPT23248,""08/10/2025 12:18:18"""
"CMRLPT23281,""03/10/2025 08:27:29"""
"CMRUCT23307,""15/10/2025 07:09:52"""
"CMRLPT23282,""19/09/2025 08:48:05"""
"CMRLPT23283,""12/10/2025 09:33:27"""
"CMRLPT23250,""22/09/2025 14:04:28"""
"CMRLPT20023,""01/10/2025 13:22:56"""
"CMRLPT23051,""17/10/2025 11:31:02"""
"CMRLPT23319,""20/07/2025 08:12:16"""
"CMRLPT23303,""05/10/2025 08:03:39"""
"CMRLPT23304,""01/08/2025 17:48:52"""
"CMRLPT23284,""10/10/2025 12:00:26"""
"CMRLPT23316,""22/10/2025 07:57:09"""
"CMRLPT23314,""07/10/2025 12:56:07"""
"CMRLPT23305,""03/10/2025 09:22:42"""
"CMRLPT23318,""16/10/2025 10:44:12"""
"CMRLPT23286,""17/10/2025 08:36:22"""
"CMRLPT23287,""08/10/2025 09:14:15"""
"CMRLPT23315,""15/10/2025 11:34:03"""
"CMRLPT23313,""25/09/2025 09:30:04"""
"CMRLPT23317,""23/10/2025 10:35:34"""
"CMRLPT23249,""16/07/2025 08:23:01"""
"CMRUCT23308,""26/09/2025 09:41:26"""
"CMRLPT23300,""21/09/2025 11:48:37"""
"CMRLPT23301,""08/08/2025 11:45:19"""
"CMRLPT23302,""05/10/2025 10:33:05"""
"CMRUCT19110,""19/08/2025 14:17:10"""
"CMRLPT22204,""28/09/2025 09:16:53"""
"CMRUCT23294,""12/10/2025 09:23:37"""
"CMRLPT19287,""12/10/2025 10:00:50"""
"CMRLPT19350,""19/10/2025 10:12:29"""
"CMRLPT21161,""28/09/2025 09:42:24"""
"CMRLPT23306,""22/10/2025 08:24:12"""
"CMRLPT23277,""29/09/2025 11:17:06"""
"CMRLPT23275,""08/10/2025 09:16:56"""
"CMRLPT23279,""29/09/2025 10:18:14"""
"CMRLPT19320,""21/09/2025 08:48:08"""
"CMRLPT19325,""22/10/2025 08:13:10"""
"CMRLPT23280,""22/10/2025 08:10:42"""
"CMRLPT23289,""01/10/2025 07:53:13"""
"CMRLPT23293,""07/09/2025 09:51:03"""
"CMRUCT19122,""20/07/2025 08:56:36"""
"CMRUCT23309,""20/10/2025 10:32:05"""
"CMRUCT23310,""07/09/2025 08:03:37"""
"CMRLPT23294,""24/09/2025 07:37:11"""
"CMRLPT23290,""26/09/2025 09:05:09"""
"CMRLPT22116,""17/10/2025 12:09:49"""
"CMRLPT19330,""19/10/2025 17:09:55"""
"CMRUCT23311,""10/10/2025 07:28:40"""
"CMRLPT23295,""17/10/2025 08:09:50"""
"CMRLPT20108,""26/09/2025 11:45:01"""
"CMRLPT23296,""24/09/2025 11:56:55"""
"CMRUCT23312,""15/10/2025 15:49:53"""
"CMRLPT23299,""17/10/2025 14:13:09"""
"CMRLPT20109,""19/09/2025 11:36:51"""
"CMRUCT22103,""26/09/2025 10:58:00"""
"CMRLPT23251,""04/10/2025 08:27:28"""
"CMRUCT23313,""17/10/2025 11:28:56"""
"CMRUCT20152,""12/10/2025 15:06:28"""
"CMRLPT23297,""24/09/2025 10:25:14"""
"CMRLPT23298,""03/10/2025 08:55:35"""
"CMRUCT19149,""22/08/2025 14:22:47"""
"CMRLPT19293,""03/10/2025 08:18:23"""
"CMRLPT19352,""24/09/2025 12:17:58"""
"CMRUCT23314,""22/10/2025 07:35:20"""
"CMRLPT23320,""27/09/2025 17:49:28"""
"CMRUCT23315,""19/10/2025 11:18:02"""
"CMRLPT23292,""29/09/2025 14:43:46"""
"CMRLPT23291,""12/10/2025 09:25:28"""
"CMRLPT23272,""26/09/2025 07:53:16"""
"CMRUCT23316,""15/10/2025 10:00:14"""
"CMRLPT19318,""01/10/2025 10:43:40"""
"CMRLPT19331,""08/10/2025 07:49:24"""
"CMRUCT20151,""12/10/2025 16:15:28"""
"CMRLPT23288,""14/10/2025 03:29:05"""
"CMRLPT22103,""03/10/2025 13:01:15"""
"CMRLPT21107,""15/10/2025 07:19:48"""
"CMRLPT23261,""01/10/2025 08:39:02"""
"CMRLPT23260,""13/08/2025 09:02:22"""
"CMRUCT23318,""14/10/2025 16:35:16"""
"CMRLPT20024,""05/10/2025 09:41:10"""
"CMRUCT23317,""18/10/2025 09:04:18"""
"CMRLPT20032,""22/10/2025 09:35:28"""
"CMRUCT22135,""27/07/2024 16:44:20"""
"CMRLPT22105,""12/10/2025 17:33:02"""
"CMRLPT23278,""01/10/2025 12:58:48"""
"CMRLPT22174,""24/09/2025 10:13:06"""
"CMRLPT23070,""19/10/2025 08:20:02"""
"CMRLPT23258,""24/09/2025 08:15:27"""
"CMRUCT22093,""07/10/2025 09:27:31"""
"CMRLPT23259,""22/10/2025 08:49:57"""
"CMRUCT23292,""22/10/2025 11:28:39"""
"CMRLPT21157,""05/10/2025 10:59:07"""
"CMRLPT23267,""01/10/2025 08:15:17"""
"CMRUCT23140,""09/10/2025 13:17:01"""
"CMRLPT23309,""26/09/2025 09:57:21"""
"CMRLPT23310,""02/10/2025 10:43:55"""
"CMRUCT23090,""17/10/2025 08:34:27"""
"CMRUCT23320,""27/09/2025 15:49:57"""
"CMRLPT23256,""19/10/2025 11:27:29"""
"CMRLPT23312,""08/10/2025 07:30:04"""
"CMRUCT23322,""22/10/2025 00:43:18"""
"CMRLPT23311,""19/09/2025 09:20:02"""
"CMRLPT24002,""17/10/2025 08:43:12"""
"CMRLPT24001,""16/10/2025 17:53:57"""
"CMRLPT24070,""19/10/2025 08:16:39"""
"CMRUCT23021,""13/10/2025 04:09:25"""
"CMRLPT24074,""22/10/2025 08:21:42"""
"CMRUCT21051,""19/10/2025 08:00:25"""
"CMRLPT23241,""19/10/2025 08:47:26"""
"CMRLPT23106,""31/07/2025 09:16:24"""
"CMRLPT24077,""22/10/2025 08:05:55"""
"CMRLPT23253,""19/10/2025 12:28:17"""
"CMRUCT23321,""11/10/2025 16:14:02"""
"CMRLPT23185,""18/10/2025 15:20:50"""
"CMRLPT24016,""22/10/2025 07:59:25"""
"CMRLPT23129,""08/10/2025 08:15:52"""
"CMRUCT23331,""17/10/2025 09:47:29"""
"CMRLPT24084,""03/09/2025 08:24:02"""
"CMRLPT24007,""28/09/2025 11:00:15"""
"CMRLPT24083,""20/10/2025 11:04:08"""
"CMRLPT24082,""24/08/2025 08:30:26"""
"CMRLPT24072,""10/10/2025 08:07:39"""
"CMRUCT23054,""14/10/2025 17:30:29"""
"CMRLPT24030,""07/09/2025 16:25:11"""
"CMRLPT24071,""05/10/2025 10:43:19"""
"CMRLPT24033,""01/10/2025 07:55:29"""
"CMRLPT24035,""17/10/2025 08:23:15"""
"CMRLPT24038,""01/07/2025 10:21:10"""
"CMRLPT24010,""10/10/2025 08:17:03"""
"CMRLPT24014,""03/08/2025 08:29:53"""
"CMRLPT24078,""17/10/2025 08:27:17"""
"CMRUCT23186,""17/10/2025 12:45:18"""
"CMRLPT24076,""12/10/2025 07:53:01"""
"CMRLPT24079,""28/09/2025 11:34:21"""
"CMRLPT23183,""26/07/2025 13:46:22"""
"CMRLPT23252,""10/10/2025 08:16:23"""
"CMRLPT23271,""24/10/2025 07:05:32"""
"CMRLPT21101,""26/07/2025 07:17:07"""
"CMRLPT22034,""16/10/2025 10:22:08"""
"CMRLPT23072,""25/09/2025 12:28:44"""
"CMRUCT20080,""19/10/2025 09:14:40"""
"CMRLPT19161,""17/10/2025 07:55:16"""
"CMRUCT21104,""19/10/2025 09:57:01"""
"CMRUCT24013,""16/10/2025 08:53:55"""
"CMRUCT23329,""16/07/2025 08:06:48"""
"CMRUCT24001,""03/10/2025 08:29:52"""
"CMRUCT24017,""12/10/2025 07:50:44"""
"CMRUCT24002,""13/10/2025 23:52:47"""
"CMRUCT24003,""18/10/2025 14:57:20"""
"CMRLPT19149,""26/09/2025 08:12:57"""
"CMRUCT24006,""28/09/2025 07:09:12"""
"CMRUCT24004,""12/10/2025 15:35:01"""
"CMRLPT21166,""10/10/2025 13:09:44"""
"CMRUCT24009,""06/10/2025 05:32:18"""
"CMRUCT24010,""16/10/2025 07:33:28"""
"CMRUCT24011,""15/10/2025 14:11:05"""
"CMRUCT24012,""26/09/2025 10:44:01"""
"CMRLPT24013,""22/10/2025 07:20:30"""
"CMRLPT24024,""20/07/2025 08:14:01"""
"CMRUCT24015,""22/10/2025 07:34:02"""
"CMRUCT24018,""22/10/2025 09:45:20"""
"CMRUCT24019,""18/10/2025 10:08:28"""
"CMRUCT24031,""11/10/2025 10:53:22"""
"CMRUCT24027,""04/10/2025 08:08:48"""
"CMRLPT24028,""12/10/2025 11:33:37"""
"CMRLPT24026,""19/10/2025 08:33:02"""
"CMRUCT24014,""17/10/2025 08:31:05"""
"CMRUCT24026,""26/09/2025 14:02:21"""
"CMRUCT24030,""12/10/2025 11:05:33"""
"CMRUCT24034,""18/10/2025 10:15:04"""
"CMRUCT24041,""19/10/2025 08:07:38"""
"CMRUCT24035,""13/10/2025 07:55:07"""
"CMRLPT23276,""24/07/2024 12:01:23"""
"CMRUCT24025,""11/10/2025 10:38:00"""
"CMRUCT24039,""11/10/2025 04:28:50"""
"CMRUCT24036,""16/10/2025 13:26:38"""
"CMRUCT24023,""19/10/2025 11:40:41"""
"CMRUCT24021,""19/10/2025 08:50:41"""
"CMRUCT24042,""17/10/2025 09:50:44"""
"CMRUCT24040,""17/10/2025 10:51:02"""
"CMRUCT24038,""15/10/2025 08:04:08"""
"CMRLPT24017,""26/09/2025 09:56:53"""
"CMRLPT24115,""03/10/2025 09:53:01"""
"CMRLPT24116,""18/10/2025 11:01:34"""
"CMRLPT24121,""24/09/2025 07:50:56"""
"CMRUCT23015,""24/09/2025 13:09:48"""
"CMRLPT24006,""10/10/2025 14:19:36"""
"CMRLPT24009,""06/10/2025 09:28:11"""
"CMRLPT24011,""01/08/2025 07:16:34"""
"CMRUCT24016,""07/10/2025 14:34:03"""
"CMRUCT22044,""19/10/2025 07:46:06"""
"CMRUCT22142,""08/08/2025 11:06:50"""
"CMRLPT24126,""10/09/2025 12:53:24"""
"CMRLPT24118,""19/10/2025 07:51:05"""
"CMRUCT19121,""21/10/2025 16:30:56"""
"CMRLPT24122,""15/10/2025 14:31:04"""
"CMRLPT23090,""17/07/2025 08:57:02"""
"CMRLPT24097,""07/10/2025 11:11:14"""
"CMRLPT24110,""04/10/2025 09:59:48"""
"CMRLPT24112,""27/09/2025 14:02:25"""
"CMRUCT24080,""19/10/2025 16:08:41"""
"CMRLPT24111,""08/10/2025 08:15:56"""
"CMRUCT24043,""17/10/2025 08:20:27"""
"CMRLPT23189,""14/09/2025 08:53:07"""
"CMRLPT24025,""12/10/2025 07:57:11"""
"CMRLPT24081,""11/10/2025 16:47:09"""
"CMRLPT24029,""05/10/2025 11:39:14"""
"CMRLPT23044,""04/10/2025 10:54:21"""
"CMRLPT20043,""17/10/2025 08:23:26"""
"CMRLPT21093,""05/10/2025 08:29:57"""
"CMRLPT24098,""05/10/2025 09:19:02"""
"CMRLPT21039,""03/10/2025 09:00:54"""
"CMRUCT20115,""27/09/2025 14:35:27"""
"CMRUCT24083,""19/10/2025 14:41:38"""
"CMRLPT21044,""28/09/2025 14:49:02"""
"CMRUCT24081,""22/10/2025 11:35:17"""
"CMRLPT24094,""21/09/2025 09:22:24"""
"CMRLPT22038,""18/10/2025 11:15:23"""
"CMRLPT21038,""08/10/2025 07:52:40"""
"CMRUCT24091,""24/09/2025 07:39:49"""
"CMRUCT24087,""26/09/2025 08:37:22"""
"CMRUCT24090,""26/09/2025 08:10:49"""
"CMRUCT24089,""12/10/2025 08:45:54"""
"CMRUCT24092,""23/10/2025 12:11:04"""
"CMRUCT24085,""24/09/2025 07:32:28"""
"CMRUCT24088,""26/09/2025 16:17:52"""
"CMRUCT24084,""08/10/2025 08:12:10"""
"CMRUCT24093,""19/10/2025 08:21:30"""
"CMRUCT24082,""25/09/2025 10:31:04"""
"CMRLPT24015,""05/10/2025 12:34:33"""
"CMRUCT24044,""15/10/2025 11:30:37"""
"CMRLPT24008,""11/09/2025 11:16:31"""
"CMRLPT24123,""22/10/2025 07:54:05"""
"CMRLPT24012,""26/09/2025 07:15:27"""
"CMRLPT24104,""12/10/2025 10:02:03"""
"CMRLPT24004,""18/10/2025 12:31:29"""
"CMRUCT24046,""20/10/2025 03:33:26"""
"CMRUCT24045,""25/09/2025 15:46:13"""
"CMRLPT24057,""12/10/2025 11:11:06"""
"CMRLPT23026,""01/10/2025 08:24:06"""
"CMRLPT23225,""30/09/2025 17:44:37"""
"DESKTOP-8BK1H1A,""22/08/2024 17:13:51"""
"CMRLPT24105,""03/10/2025 11:44:25"""
"CMRLPT24056,""08/08/2025 10:00:54"""
"CMRLPT24051,""19/10/2025 10:47:48"""
"CMRUCT24047,""19/10/2025 18:10:55"""
"CMRUCT24062,""06/10/2025 09:01:33"""
"CMRUCT24048,""04/10/2025 09:33:28"""
"CMRUCT24049,""22/10/2025 19:16:16"""
"CMRUCT24050,""04/10/2025 12:10:03"""
"CMRUCT24051,""27/09/2025 13:37:15"""
"CMRUCT24067,""29/09/2025 09:20:07"""
"CMRUCT24052,""06/10/2025 10:28:15"""
"CMRUCT24054,""25/09/2025 10:55:44"""
"CMRUCT24053,""25/09/2025 09:11:41"""
"CMRUCT24055,""17/10/2025 15:16:20"""
"CMRUCT24104,""30/09/2025 09:19:13"""
"CMRUCT24057,""28/09/2025 09:35:20"""
"CMRUCT24066,""27/09/2025 08:30:44"""
"CMRUCT24102,""28/09/2025 09:21:53"""
"CMRUCT24069,""19/10/2025 09:29:46"""
"CMRUCT24060,""26/09/2025 08:28:03"""
"CMRLPT23074,""17/10/2025 08:40:53"""
"CMRUCT24101,""12/07/2025 12:57:58"""
"CMRLPT24099,""04/08/2025 08:39:59"""
"CMRLPT21006,""31/08/2025 13:02:16"""
"CMRLPT24023,""19/10/2025 10:21:51"""
"CMRUCT24094,""13/10/2025 08:46:52"""
"CMRLPT21020,""05/10/2025 09:30:58"""
"CMRUCT24070,""11/10/2025 08:05:19"""
"CMRLPT24022,""22/10/2025 07:43:31"""
"CMRLPT23077,""17/10/2025 08:28:33"""
"CMRLPT19244,""05/01/2025 11:53:31"""
"CMRLPT24027,""10/10/2025 15:09:02"""
"CMRUCT23089,""12/10/2025 07:58:12"""
"CMRLPT24021,""05/10/2025 22:04:31"""
"CMRLPT24040,""07/10/2025 18:19:02"""
"CMRLPT24005,""22/10/2025 07:49:37"""
"CMRUCT19080,""14/09/2025 10:55:05"""
"CMRUCT20120,""09/10/2025 16:26:20"""
"CMRUCT20126,""12/10/2025 17:47:24"""
"CMRUCT23094,""09/10/2025 18:17:18"""
"CMRUCT19160,""23/08/2025 11:58:18"""
"CMRUCT24032,""01/10/2025 11:37:51"""
"CMRUCT24028,""01/10/2025 13:30:28"""
"CMRUCT24037,""21/09/2025 10:49:03"""
"CMRUCT24020,""21/09/2025 11:06:28"""
"CMRUCT23170,""19/09/2024 15:27:25"""
"CMRLPT24073,""01/10/2025 08:00:18"""
"CMRLPT24091,""19/10/2025 08:29:02"""
"CMRUCT24106,""08/10/2025 16:18:46"""
"CMRLPT24093,""20/07/2025 09:01:45"""
"CMRUCT21106,""22/10/2025 08:12:43"""
"CMRUCT24107,""03/10/2025 00:41:52"""
"CMRUCT24108,""21/10/2025 09:07:09"""
"CMRUCT24109,""27/09/2025 09:37:21"""
"CMRUCT24110,""01/09/2025 22:27:51"""
"CMRLPT21149,""21/10/2025 13:33:59"""
"CMRLPT24100,""17/10/2025 07:52:54"""
"CMRLPT24095,""08/10/2025 09:56:24"""
"CMRLPT23170,""26/07/2025 09:33:29"""
"CMRLPT19237,""03/10/2025 15:39:15"""
"CMRUCT24116,""28/09/2025 19:10:28"""
"CMRLPT24148,""03/09/2025 13:48:16"""
"CMRLPT24147,""04/10/2025 23:57:36"""
"CMRLPT24129,""01/10/2025 10:07:20"""
"CMRLPT24092,""31/07/2025 13:42:19"""
"CMRLPT24133,""29/08/2025 10:08:31"""
"CMRLPT24137,""07/09/2025 19:00:46"""
"CMRUCT24117,""15/10/2025 23:42:36"""
"CMRLPT24141,""24/09/2025 10:43:14"""
"CMRLPT24139,""05/10/2025 10:09:26"""
"CMRLPT24178,""04/10/2025 14:16:13"""
"CMRLPT24041,""30/09/2025 07:15:47"""
"CMRLPT24138,""03/10/2025 09:18:55"""
"CMRLPT24055,""05/10/2025 10:02:18"""
"CMRLPT24174,""30/09/2025 11:47:00"""
"CMRLPT24049,""24/09/2025 10:06:35"""
"CMRLPT24132,""19/10/2025 10:05:20"""
"CMRLPT24052,""10/08/2025 12:34:29"""
"CMRLPT24053,""23/10/2025 15:04:06"""
"CMRLPT24143,""17/10/2025 09:55:29"""
"CMRLPT24064,""26/09/2025 13:02:04"""
"CMRLPT24065,""03/10/2025 14:45:35"""
"CMRLPT24054,""08/10/2025 13:35:37"""
"CMRLPT24151,""26/09/2025 09:53:46"""
"CMRLPT24152,""22/10/2025 10:04:14"""
"CMRLPT24140,""21/09/2025 11:28:27"""
"CMRUCT24058,""08/01/2025 15:30:55"""
"CMRLPT24172,""26/09/2025 15:44:16"""
"CMRLPT24171,""19/10/2025 08:32:33"""
"CMRLPT24173,""17/10/2025 08:45:30"""
"CMRLPT24149,""09/10/2025 10:18:42"""
"CMRLPT24150,""26/09/2025 09:38:13"""
"CMRLPT24177,""10/10/2025 11:17:40"""
"CMRLPT22125,""10/10/2025 08:26:13"""
"CMRLPT24101,""01/10/2025 09:42:24"""
"CMRLPT24135,""16/10/2025 10:13:18"""
"CMRUCT24112,""06/10/2025 07:27:20"""
"CMRLPT24131,""22/10/2025 08:57:46"""
"CMRLPT24117,""12/09/2025 11:58:57"""
"CMRUCT19141,""13/07/2025 16:16:01"""
"CMRLPT22083,""15/10/2025 08:32:26"""
"CMRUCT21093,""18/10/2025 18:36:02"""
"CMRLPT24142,""24/09/2025 07:52:59"""
"CMRLPT24134,""22/10/2025 10:03:47"""
"CMRUCT24098,""19/10/2025 08:15:38"""
"CMRUCT20074,""15/10/2025 08:15:02"""
"CMRUCT24086,""21/10/2025 15:50:42"""
"CMRLPT24163,""26/09/2025 13:49:53"""
"CMRUCT22107,""08/10/2025 06:51:21"""
"CMRLPT24119,""01/10/2025 12:26:30"""
"CMRLPT23118,""22/10/2025 08:24:01"""
"CMRLPT24160,""17/10/2025 09:03:04"""
"CMRLPT21022,""17/09/2025 07:35:34"""
"CMRLPT20039,""11/10/2025 09:49:42"""
"CMRLPT24120,""17/09/2025 08:40:22"""
"CMRLPT24109,""22/10/2025 06:54:04"""
"CMRLPT19215,""14/03/2025 16:26:35"""
"CMRLPT23224,""19/10/2025 13:12:05"""
"CMRUCT23143,""29/09/2025 08:29:12"""
"CMRUCT20092,""16/10/2025 08:26:23"""
"CMRLPT19245,""12/10/2025 10:41:30"""
"CMRUCT23219,""15/03/2025 10:16:28"""
"CMRLPT24003,""23/07/2025 11:54:19"""
"CMRUCT23124,""26/09/2025 13:33:36"""
"CMRUCT23192,""18/09/2025 09:15:04"""
"CMRUCT23164,""23/07/2025 11:01:24"""
"CMRUCT23196,""20/10/2025 15:09:58"""
"CMRLPT23273,""22/10/2025 08:57:34"""
"CMRUCT23333,""01/10/2025 09:49:38"""
"CMRLTP20065,""10/10/2025 09:23:33"""
"CMRUCT23332,""01/10/2025 10:32:20"""
"CMRUCT23268,""10/10/2025 12:30:16"""
"CMRUCT23285,""09/10/2025 16:16:20"""
"CMRUCT23290,""24/09/2025 18:43:29"""
"CMRUCT23199,""05/02/2025 11:46:55"""
"CMRLPT23128,""29/09/2025 11:04:57"""
"CMRLPT24050,""28/09/2025 11:35:40"""
"CMRUCT20097,""21/10/2025 16:15:30"""
"CMRUCT22018,""20/10/2025 08:43:32"""
"CMRLPT24130,""03/10/2025 12:53:25"""
"CMRLPT24136,""23/10/2025 15:15:25"""
"CMRLPT19183,""14/09/2025 09:04:38"""
"CMRUCT20018,""27/09/2025 09:09:10"""
"CMRUCT20022,""25/11/2024 11:50:42"""
"CMRUCT24105,""24/10/2025 07:11:49"""
"CMRUCT20020,""26/09/2025 08:32:29"""
"CMRUCT20017,""18/10/2025 09:15:41"""
"CMRUCT20036,""25/11/2024 13:12:55"""
"CMRUCT20008,""25/10/2024 15:04:59"""
"CMRLPT24158,""16/10/2025 09:23:56"""
"CMRUCT20016,""24/09/2025 08:15:17"""
"CMRUCT20021,""25/10/2024 16:28:58"""
"CMRLPT24067,""03/10/2025 18:42:40"""
"CMRLPT22143,""13/10/2025 14:23:51"""
"CMRLPT24153,""19/10/2025 14:18:06"""
"CMRUCT20031,""26/10/2024 11:17:53"""
"CMRUCT24113,""22/10/2025 17:54:36"""
"CMRLPT24161,""06/10/2025 17:35:20"""
"CMRLPT20112,""19/10/2025 09:33:09"""
"CMTLPT19324,""04/10/2025 22:55:30"""
"CMRLPT24045,""08/10/2025 07:54:22"""
"CMRUCT24059,""23/10/2025 15:00:38"""
"CMRLPT24066,""22/10/2025 09:41:57"""
"CMRUCT24118,""19/10/2025 12:11:50"""
"CMRUCT24119,""03/10/2025 09:35:32"""
"CMRLPT24175,""08/10/2025 10:11:05"""
"CMRUCT24099,""03/04/2025 09:01:54"""
"CMRUCT24121,""29/09/2025 15:57:29"""
"CMRUCT24120,""26/09/2025 14:07:21"""
"CMRUCT24115,""27/09/2025 05:56:32"""
"CMRUCT24122,""01/07/2025 11:34:07"""
"CMRLPT24034,""05/10/2025 08:12:25"""
"CMRUCT24123,""01/07/2025 12:16:34"""
"CMRUCT23016,""13/10/2025 16:41:22"""
"CMRUCT23227,""30/09/2025 10:05:46"""
"CMRLPT24048,""26/09/2025 09:52:22"""
"CMRLPT20063,""10/09/2025 08:20:56"""
"CMRLPT24090,""10/10/2025 00:13:45"""
"CMRLPT24043,""23/09/2025 14:51:44"""
"CMRLPT24088,""24/09/2025 09:08:44"""
"CMRLPT24087,""08/10/2025 07:22:46"""
"CMRLTP19172,""03/10/2025 08:12:30"""
"CMRLPT19073,""02/10/2025 12:03:24"""
"CMRLPT24031,""03/10/2025 11:26:07"""
"CMRUCT24124,""25/09/2025 12:33:30"""
"CMRLPT19361,""18/09/2025 11:37:05"""
"CMRUCT24125,""02/10/2025 12:53:16"""
"CMRLPT24075,""19/10/2025 08:12:52"""
"CMRUCT24079,""05/10/2025 09:55:38"""
"CMRLPT24036,""18/10/2025 08:03:04"""
"CMRLPT24069,""22/10/2025 09:29:42"""
"DESKTOP-S3R7NVG,""03/10/2025 14:45:06"""
"CMRLPT24042,""24/09/2025 07:44:13"""
"CMRLPT22068,""01/10/2025 08:08:24"""
"CMRLPT24019,""19/10/2025 07:46:29"""
"CMRLPT24063,""23/10/2025 09:28:09"""
"CMRUCT24072,""12/10/2025 09:58:12"""
"CMRLPT24062,""14/10/2025 20:51:58"""
"CMRLPT24020,""08/10/2025 14:31:09"""
"CMRUCT24111,""05/10/2025 22:44:17"""
"DESKTOP-2D9N46C,""09/10/2025 09:58:50"""
"CMRLPT24096,""17/10/2025 08:57:37"""
"CMRLPT19203,""12/10/2025 18:46:33"""
"CMRLPT23203,""26/09/2025 09:13:13"""
"CMRLPT21031,""19/10/2025 07:27:44"""
"CMRLPT19153,""15/10/2025 08:56:54"""
"CMRLPT24018,""13/01/2025 15:10:57"""
"CMRLPT24060,""19/10/2025 10:01:38"""
"CMRLPT24103,""15/10/2025 10:57:21"""
"CMRUCT20048,""19/10/2025 16:03:00"""
"CMRLPT22178,""01/10/2025 11:54:25"""
"CMRLPT24166,""10/09/2025 15:56:02"""
"CMRLPT24128,""21/09/2025 17:49:19"""
"CMRUCT24071,""18/10/2025 16:33:04"""
"CMRUCT24127,""01/01/2025 08:16:18"""
"CMRLPT19228,""13/08/2025 12:05:20"""
"CMRUCT24128,""20/10/2025 01:50:12"""
"CMRLPT20106,""26/09/2025 07:17:20"""
"CMRTLV22007,""01/10/2025 14:30:54"""
"CMRLPT24061,""27/07/2025 07:21:21"""
"CMRLPT24085,""08/10/2025 07:31:38"""
"CMRUCT20174,""30/09/2025 14:50:53"""
"CMRLPT23209,""12/10/2025 08:51:15"""
"CMRLPT22137,""15/10/2025 08:19:39"""
"CMRUCT22055,""03/10/2025 10:18:38"""
"CMRLPT19316,""09/10/2025 06:59:36"""
"CMRUCT19136,""29/08/2025 01:07:27"""
"CMRUCT20157,""02/08/2025 09:21:10"""
"CMRLPT19254,""17/10/2025 16:11:48"""
"CMRLPT23002,""11/10/2025 14:03:42"""
"CMRUCT23091,""05/10/2025 08:02:01"""
"CMRUCT24076,""05/10/2025 08:18:33"""
"CMRLPT24190,""24/09/2025 08:16:35"""
"CMRLPT22159,""01/10/2025 15:38:09"""
"CMRLPT20115,""19/10/2025 12:01:19"""
"CMRLPT20120,""08/10/2025 08:05:35"""
"CMRLPT20020,""03/10/2025 12:04:07"""
"CMRUCT24157,""17/10/2025 10:41:55"""
"CMRUCT24077,""08/10/2025 22:46:13"""
"CMRLPT22121,""12/10/2025 09:12:30"""
"CMRLPT23230,""17/10/2025 07:26:49"""
"CMRUCT24078,""27/09/2025 16:08:03"""
"CMRUCT24097,""12/10/2025 07:57:14"""
"CMRUCT24131,""24/09/2025 18:29:42"""
"CMRUCT24137,""24/09/2025 17:33:12"""
"CMRLPT24080,""13/10/2025 08:53:03"""
"CMRLPT22187,""10/10/2025 10:21:54"""
"CMRLPT22184,""17/10/2025 09:25:40"""
"CMRLPT24159,""09/10/2025 09:03:28"""
"CMRLPT23120,""17/10/2025 11:32:13"""
"MININT-8H6NSP8,""22/12/2024 18:07:44"""
"CMRUCT24153,""14/10/2025 10:16:53"""
"CMRUCT24154,""19/10/2025 22:11:09"""
"CMRUCT24155,""20/10/2025 16:55:48"""
"CMRLPT24179,""27/09/2025 06:48:24"""
"CMRUCT24130,""24/09/2025 17:18:45"""
"CMRUCT23293,""24/09/2025 07:49:06"""
"CMRUCT24156,""24/09/2025 07:19:14"""
"CMRLPT24113,""26/09/2025 09:24:40"""
"CMRLPT19220,""16/07/2025 12:20:45"""
"CMRLPT21148,""30/09/2025 17:01:12"""
"CMRUCT23093,""01/10/2025 08:14:29"""
"CMRLPT22169,""10/10/2025 09:02:22"""
"CMRLPT24191,""22/10/2025 10:50:58"""
"CMRLPT24193,""21/10/2025 08:28:51"""
"CMRUCT24166,""04/10/2025 12:20:58"""
"CMRUCT24159,""05/10/2025 11:41:30"""
"CMRUCT24139,""19/07/2025 13:12:30"""
"CMRUCT24141,""19/07/2025 15:16:22"""
"CMRUCT20035,""18/10/2025 08:41:41"""
"CMRUCT24114,""06/10/2025 18:45:58"""
"CMRUCT24144,""24/09/2025 17:38:38"""
"CMRUCT24147,""01/10/2025 10:05:29"""
"CMRUCT24129,""15/10/2025 07:22:28"""
"CMRLPT24068,""06/10/2025 09:03:00"""
"CMRLPT23285,""13/10/2025 11:49:28"""
"CMRLPT22085,""15/10/2025 08:30:43"""
"CMRUCT23068,""18/10/2025 08:00:12"""
"CMRLPT24183,""23/09/2025 09:57:42"""
"CMRLPT24102,""01/10/2025 15:07:27"""
"CMRLPT23254,""20/10/2025 09:26:28"""
"CMRUCT21005,""14/08/2025 09:03:21"""
"CMRUCT24161,""20/08/2025 08:22:45"""
"CMRLPT24182,""05/10/2025 18:43:19"""
"CMRUCT24148,""25/09/2025 08:34:13"""
"CMRUCT24095,""11/07/2025 10:18:17"""
"CMRUCT24193,""06/09/2025 08:53:34"""
"CMRUCT24194,""18/07/2025 12:09:39"""
"CMRUCT23255,""04/10/2025 11:38:39"""
"CMRLPT24189,""26/09/2025 14:22:31"""
"CMRUCT23103,""27/09/2025 22:35:08"""
"CMRLPT19365,""13/08/2025 14:27:35"""
"CMRUCT24195,""05/10/2025 09:39:57"""
"CMRUCT24169,""10/10/2025 08:26:16"""
"CMRLPT22167,""12/10/2025 13:01:43"""
"CMRLPT24203,""24/09/2025 11:44:13"""
"CMRLPT24202,""19/10/2025 15:17:04"""
"CMRLPT22084,""29/09/2025 09:16:28"""
"CMRLPT23257,""16/09/2025 09:38:53"""
"CMRLPT22090,""05/09/2025 07:47:41"""
"CMRUCT24170,""13/10/2025 09:49:05"""
"CMRLPT23087,""12/10/2025 08:56:20"""
"CMRLPT24198,""08/10/2025 08:48:50"""
"CMRUCT20055,""11/10/2025 14:30:43"""
"CMRLPT24059,""07/10/2025 12:22:34"""
"CMRLPT24047,""02/10/2025 10:17:33"""
"CMRLPT24199,""01/10/2025 07:25:34"""
"CMRLPT24145,""06/10/2025 09:23:26"""
"CMRUCT24138,""23/10/2025 16:03:38"""
"CMRLPT24204,""05/10/2025 11:05:55"""
"CMRUCT24171,""03/10/2025 10:51:58"""
"CMRUCT24168,""12/10/2025 08:38:19"""
"CMRUCT22106,""21/02/2025 14:00:06"""
"CMRUCT23204,""24/09/2025 07:23:19"""
"CMRLPT23157,""25/04/2025 17:57:31"""
"CMRLPT24144,""01/10/2025 08:04:34"""
"CMRUCT24061,""26/09/2025 08:51:22"""
"CMRLPT24197,""27/09/2025 08:22:18"""
"CMRUCT24164,""03/10/2025 19:38:00"""
"CMRLPT21073,""04/10/2025 11:08:35"""
"CMRLPT23274,""03/10/2025 08:45:53"""
"CMRUCT24158,""24/09/2025 12:46:42"""
"CMRLPT24185,""22/10/2025 09:09:10"""
"CMRUCT24165,""18/10/2025 22:09:59"""
"CMRUCT24173,""23/10/2025 15:17:23"""
"CMRLPT24176,""09/10/2025 09:41:18"""
"CMRLPT24154,""10/10/2025 11:52:38"""
"CMRUCT24174,""21/09/2025 18:09:16"""
"CMRLPT24187,""10/10/2025 08:59:44"""
"CMRUCT24064,""12/10/2025 09:25:45"""
"CMRUCT22069,""12/10/2025 13:18:05"""
"CMRUCT24160,""05/10/2025 15:13:44"""
"CMRUCT19083,""13/07/2025 17:02:50"""
"CMRUCT24065,""07/10/2025 10:26:42"""
"CMRUCT19005,""12/08/2025 16:39:21"""
"CMRUCT24175,""21/09/2025 12:08:01"""
"CMRUCT21108,""13/08/2025 08:09:28"""
"CMRLPT24186,""12/10/2025 09:20:00"""
"CMRLPT24206,""28/08/2025 13:57:44"""
"CMRUCT24196,""17/10/2025 07:35:24"""
"CMRLPT24180,""18/09/2025 09:42:08"""
"CMRUCT21100,""16/10/2025 06:54:04"""
"CMRLPT24181,""19/10/2025 15:41:37"""
"CMRUCT23178,""20/07/2025 08:46:23"""
"CMRUCT23184,""25/07/2025 15:25:16"""
"CMRUCT23155,""21/09/2025 07:55:17"""
"CMRUCT24172,""23/10/2025 16:49:48"""
"CMRUCT24178,""27/09/2025 12:28:59"""
"CMRUCT24182,""22/10/2025 08:14:56"""
"CMRUCT24179,""21/10/2025 13:36:55"""
"CMRUCT24181,""21/09/2025 11:37:27"""
"CMRLPT20056,""03/10/2025 07:28:40"""
"CMRLPT22087,""19/09/2025 07:51:38"""
"CMRUCT24180,""08/10/2025 08:18:03"""
"CMRUCT24177,""14/07/2025 17:50:26"""
"CMRLPT24188,""22/10/2025 08:14:43"""
"CMRLPT19164,""27/06/2025 08:55:59"""
"CMRLPT23095,""26/09/2025 09:54:32"""
"CMRLPT21008,""04/10/2025 08:34:32"""
"CMRUCT24073,""10/10/2025 07:36:05"""
"CMRUCT24176,""21/10/2025 15:23:25"""
"CMRUCT24197,""25/09/2025 12:35:08"""
"CMRLPT24192,""17/10/2025 17:37:16"""
"CMRUCT24192,""27/09/2025 14:22:59"""
"CMRUCT24190,""28/09/2025 09:24:59"""
"CMRUCT24186,""02/10/2025 18:55:21"""
"CMRUCT24191,""13/10/2025 13:04:11"""
"CMRLPT24039,""10/10/2025 09:41:42"""
"CMRUCT22037,""09/09/2025 08:56:18"""
"CMRLPT24169,""18/10/2025 09:58:05"""
"CMRLPT24168,""11/10/2025 11:30:16"""
"CMRUCT19179,""10/08/2025 08:43:57"""
"CMRLPT24167,""10/09/2025 11:25:09"""
"CMRLPT19248,""13/08/2025 14:40:16"""
"CMRLPT19066,""04/06/2025 08:22:06"""
"CMRUCT20026,""09/10/2025 12:06:24"""
"CMRUCT20133,""12/10/2025 14:28:14"""
"CMRUCT24199,""22/10/2025 12:09:01"""
"CMRUCT21081,""01/10/2025 15:54:49"""
"CMRUCT21126,""16/07/2025 12:09:16"""
"CMRLPT21135,""01/10/2025 11:24:26"""
"CMRUCT19087,""24/09/2025 09:10:10"""
"CMRUCT23319,""08/08/2025 10:00:14"""
"CMRUCT24187,""23/09/2025 11:18:52"""
"CMRLPT22100,""26/07/2025 15:37:08"""
"CMRUCT24063,""23/10/2025 18:29:18"""
"CMRUCT22073,""13/08/2025 09:40:58"""
"CMRUCT23244,""03/07/2025 08:19:49"""
"CMRUCT23269,""18/10/2025 09:18:48"""
"CMRUCT24188,""24/09/2025 08:14:31"""
"CMRLPT22107,""30/09/2025 14:28:35"""
"CMRUCT21009,""24/09/2025 07:31:03"""
"CMRLPT24205,""02/10/2025 09:54:36"""
"CMRUCT24056,""12/10/2025 09:13:46"""
"CMRUCT23261,""04/07/2025 11:55:59"""
"CMRLPT23182,""19/10/2025 08:37:05"""
"CMRLPT22066,""09/10/2025 09:45:00"""
"CMRLPT24194,""28/09/2025 09:40:13"""
"CMRLPT22040,""15/10/2025 08:01:37"""
"CMRLPT20016,""24/09/2025 07:44:57"""
"CMRLPT23080,""17/10/2025 08:30:42"""
"CMRLPT22170,""17/10/2025 08:45:45"""
"CMRLPT21150,""25/09/2025 23:54:47"""
"CMRLPT23042,""22/10/2025 10:14:13"""
"CMRUCT20029,""26/09/2025 08:25:33"""
"CMRLPT24164,""24/09/2025 09:05:55"""
"CMRUCT20028,""01/10/2025 08:14:45"""
"CMRLPT23172,""23/05/2025 11:29:38"""
"CMRLPT24106,""05/10/2025 13:39:01"""
"CMRLPT24107,""29/08/2025 07:47:07"""
"CMRLPT22218,""26/09/2025 11:26:23"""
"CMRUCT19084,""29/06/2025 10:03:47"""
"CMRLPT21078,""01/10/2025 08:11:10"""
"CMRUCT20032,""27/09/2025 08:38:57"""
"CMRLPT24170,""31/08/2025 10:59:34"""
"CMRUCT25007,""17/10/2025 18:20:00"""
"CMRUCT25008,""10/10/2025 08:28:25"""
"CMRUCT25002,""05/10/2025 08:31:42"""
"CMRUCT25010,""12/10/2025 11:37:19"""
"CMRUCT25011,""12/10/2025 09:26:05"""
"CMRUCT25009,""08/10/2025 15:07:32"""
"CMRLPT25005,""10/10/2025 09:35:46"""
"CMRUCT25014,""12/10/2025 10:55:34"""
"CMRUCT22137,""24/09/2025 09:17:31"""
"CMRLPT25006,""19/10/2025 07:34:22"""
"CMRUCT25012,""03/10/2025 08:48:14"""
"CMRUCT25001,""09/10/2025 14:44:26"""
"CMRLPT22113,""26/09/2025 10:34:40"""
"CMRLPT19216,""26/07/2025 17:32:03"""
"CMRUCT20083,""21/10/2025 06:18:52"""
"CMRUCT23325,""09/10/2025 16:16:34"""
"CMRUCT19184,""21/06/2025 14:21:35"""
"CMRUCT25003,""15/10/2025 07:58:54"""
"CMRUCT21078,""23/10/2025 13:17:09"""
"CMRUCT25004,""24/09/2025 10:02:49"""
"CMRUCT25005,""25/09/2025 10:40:50"""
"CMRLPT24089,""25/09/2025 17:40:40"""
"CMRTAB20333,""27/06/2025 15:13:00"""
"CMRLPT20095,""29/08/2025 01:16:43"""
"CMRUCT20176,""01/10/2025 10:29:34"""
"CMRLPT24108,""05/10/2025 08:10:02"""
"MESCONDSEMC,""01/09/2025 20:55:04"""
"CMRUCT23218,""01/08/2025 11:27:48"""
"CMRLPT19252,""20/09/2025 10:51:15"""
"CMRLPT22162,""12/10/2025 08:51:40"""
"CMRLPT25011,""15/10/2025 15:00:16"""
"CMRLPT25009,""03/10/2025 09:56:39"""
"CMRLPT25010,""01/10/2025 14:31:12"""
"CMRUCT25029,""19/10/2025 16:24:56"""
"CMRUCT22163,""15/10/2025 09:21:30"""
"CMRLPT25008,""10/10/2025 12:22:04"""
"CMRLPT25015,""19/10/2025 14:06:07"""
"CMRUCT24146,""24/09/2025 18:17:17"""
"CMRUCT24135,""19/07/2025 16:16:53"""
"CMRUCT24140,""24/09/2025 17:36:42"""
"CMRUCT24143,""25/09/2025 12:27:05"""
"CMRUCT24134,""01/10/2025 09:42:17"""
"CMRUCT24132,""09/10/2025 18:47:02"""
"CMRUCT24136,""24/09/2025 18:42:32"""
"CMRLPT25014,""19/10/2025 09:14:14"""
"CMRLPT25013,""01/10/2025 07:53:28"""
"CMRLPT25040,""21/10/2025 10:00:33"""
"CMRLPT25039,""22/10/2025 08:47:20"""
"CMRLPT22061,""24/09/2025 08:20:40"""
"CMRUCT25019,""18/10/2025 08:03:08"""
"CMRUCT25018,""24/09/2025 10:20:24"""
"CMRUCT25015,""24/09/2025 07:49:56"""
"CMRUCT25021,""05/10/2025 19:55:37"""
"CMRUCT25016,""23/10/2025 08:31:53"""
"CMRUCT22130,""24/09/2025 08:08:14"""
"CMRUCT25017,""16/10/2025 10:07:03"""
"CMRUCT19128,""24/09/2025 09:30:32"""
"CMRLPT25037,""23/09/2025 10:11:37"""
"CMRTAB20293,""25/07/2025 12:29:10"""
"CMRLPT25038,""23/10/2025 16:13:36"""
"CMRTAB20253,""25/07/2025 13:15:17"""
"CMRTAB20283,""25/07/2025 15:37:16"""
"CMRUCT23289,""09/10/2025 16:18:15"""
"CMRUCT23284,""21/09/2025 08:49:40"""
"CMRLP19216,""20/09/2025 13:18:41"""
"CMRTAB20258,""28/09/2025 15:59:33"""
"CMRTAB20300,""30/07/2025 11:35:23"""
"CMRTAB20346,""31/07/2025 11:47:37"""
"CMRUCT23330,""01/10/2025 10:54:18"""
"CMRUCT23326,""09/10/2025 15:52:28"""
"CMRLPT25021,""05/10/2025 10:44:38"""
"CMRTAB20320,""31/07/2025 07:38:54"""
"CMRUCT25024,""28/09/2025 16:07:01"""
"CMRTAB20295,""25/09/2025 07:40:46"""
"CMRTAB20347,""31/07/2025 12:16:15"""
"CMRTAB20317,""03/10/2025 08:08:12"""
"CMRUCT24149,""09/10/2025 16:00:31"""
"CMRUCT24142,""31/07/2025 12:18:03"""
"CMRUCT24145,""31/07/2025 12:36:16"""
"CMRUCT23297,""09/10/2025 16:08:53"""
"CMRUCT24133,""01/10/2025 11:06:51"""
"CMRUCT23287,""09/10/2025 15:59:18"""
"CMRULPT25036,""31/07/2025 16:21:33"""
"CMRLPT25017,""09/10/2025 07:39:58"""
"CMRTAB20276,""03/09/2025 10:50:16"""
"CMRLPT25023,""05/09/2025 08:44:38"""
"CMRLPT25020,""03/10/2025 07:37:18"""
"CMRUCT23304,""03/08/2025 09:45:43"""
"CMRLPT25028,""09/10/2025 11:05:44"""
"CMRLPT25027,""07/10/2025 14:40:06"""
"CMRLPT25026,""21/09/2025 08:00:34"""
"CMRLPT25029,""09/10/2025 13:39:33"""
"CMRLPT25031,""18/10/2025 08:57:18"""
"CMRUCT23291,""03/08/2025 10:41:23"""
"CMRUCT23267,""03/08/2025 11:02:16"""
"CMRLPT25033,""18/10/2025 08:24:59"""
"CMRLPT25034,""18/10/2025 08:27:32"""
"CMRLPT25032,""18/10/2025 08:59:01"""
"CMRLPT25030,""23/10/2025 11:48:47"""
"CMRLPT25048,""09/10/2025 17:54:11"""
"CMRLPT25047,""19/10/2025 11:01:27"""
"CMRUCT22017,""06/10/2025 11:52:11"""
"CMRLPT25046,""06/10/2025 12:24:47"""
"CMRUCT25020,""10/08/2025 09:30:32"""
"CMRUCT22155,""06/10/2025 14:39:52"""
"CMRUCT25028,""23/10/2025 07:42:47"""
"CMRLPT25036,""06/10/2025 18:58:40"""
"CMRLPT25035,""07/10/2025 14:58:38"""
"CMRUCT22144,""27/09/2025 10:04:57"""
"CMRLPT23144,""08/08/2025 11:06:50"""
"CMRLPT25022,""07/10/2025 16:11:26"""
"CMRLPT25007,""08/08/2025 15:40:42"""
"CMRLPT25016,""10/10/2025 08:19:31"""
"DESKTOP-L1TE1JG,""10/08/2025 11:05:25"""
"CMRUCT22023,""09/08/2025 15:57:02"""
"CMRLPT25053,""09/09/2025 15:27:26"""
"CMRUCT25006,""09/10/2025 16:16:55"""
"CMRLPT24125,""20/09/2025 09:26:57"""
"CMRLPT19265,""11/10/2025 09:50:25"""
"CMRLPT25041,""13/10/2025 10:56:34"""
"CMRUCT25023,""15/10/2025 08:29:03"""
"CMRUCT25022,""12/10/2025 16:58:06"""
"CMRUCT19157,""13/08/2025 18:20:17"""
"CMRLPT25024,""03/10/2025 09:24:12"""
"CMRLPT25018,""17/10/2025 08:36:55"""
"CMRUCT19138,""17/08/2025 09:34:01"""
"CMRLPT23232,""22/10/2025 09:17:16"""
"CMRLPT25045,""24/09/2025 21:12:52"""
"CMRLPT25051,""24/09/2025 09:50:03"""
"CMRLPT20050,""21/08/2025 07:59:38"""
"CMRTAB20310,""22/10/2025 10:02:06"""
"CMRLPT25012,""21/10/2025 11:25:26"""
"CMRUCT25025,""21/10/2025 12:24:05"""
"CMRUCT25033,""24/09/2025 07:53:21"""
"CMRUCT25035,""04/10/2025 08:15:03"""
"CMRUCT25032,""29/09/2025 09:47:20"""
"CMRUCT25030,""24/09/2025 08:25:32"""
"CMRUCT25031,""30/09/2025 09:57:46"""
"CMRUCT25026,""23/10/2025 16:26:36"""
"CMRUCT25034,""16/10/2025 09:55:57"""
"CMRLPT22071,""27/09/2025 08:58:42"""
"CMRUCT25036,""27/09/2025 10:03:14"""
"CMRUCT25037,""08/10/2025 06:31:49"""
"CMRUCT25038,""08/10/2025 06:51:26"""
"CMRUCT24074,""28/09/2025 15:12:58"""
"CMRUCT25049,""03/10/2025 15:45:08"""
"CMRUCT25050,""08/10/2025 12:39:46"""
"CMRUCT25039,""28/09/2025 15:31:55"""
"CMRUCT25040,""30/08/2025 08:56:46"""
"CMRUCT25051,""28/09/2025 13:35:35"""
"CMRLPT19229,""02/10/2025 11:21:50"""
"CMRLPT25054,""01/10/2025 07:33:11"""
"CMRUCT25041,""03/10/2025 08:58:12"""
"CMRLPT25055,""05/10/2025 12:38:24"""
"CMRUCT25042,""21/10/2025 10:08:24"""
"CMRLPT23065,""22/10/2025 08:52:08"""
"CMRLPT24195,""04/10/2025 08:29:42"""
"CMRLPT24196,""03/10/2025 16:42:45"""
"CMRUCT25043,""03/10/2025 17:29:21"""
"CMRLPT24146,""04/10/2025 10:36:26"""
"CMRUCT25044,""04/10/2025 18:05:03"""
"CMRLPT24046,""06/10/2025 14:13:03"""
"CMRLPT24044,""08/10/2025 07:50:05"""
"CMRLPT19246,""09/10/2025 09:55:59"""
"CMRUCT21045,""09/10/2025 12:01:36"""
"DESKTOP-MVK4TRB,""07/09/2025 20:52:39"""
"CMRLPT24162,""11/09/2025 12:30:49"""
"CMRUT25081,""11/09/2025 14:49:09"""
"CMRUCT25078,""19/09/2025 08:36:28"""
"CMRUCT25079,""12/09/2025 11:14:37"""
"CMRUCT25077,""12/10/2025 12:38:15"""
"CMRUCT25076,""12/10/2025 10:20:13"""
"CMRUCT25075,""22/10/2025 14:02:03"""
"CMRUCT25082,""12/10/2025 10:24:26"""
"CMRUCT25083,""12/10/2025 11:35:29"""
"CMRUCT25085,""09/10/2025 09:13:14"""
"CMRLPT25025,""12/10/2025 12:09:42"""
"CMRUCT22090,""12/09/2025 11:27:55"""
"CMRUCT25088,""13/10/2025 08:14:20"""
"CMRUCT25089,""24/09/2025 11:48:11"""
"CMRUCT25045,""13/10/2025 16:01:05"""
"CMRUCT25084,""12/10/2025 16:57:50"""
"CMRUCT25087,""23/10/2025 13:40:02"""
"CMRUCT25090,""13/09/2025 08:31:14"""
"CMRUCT25091,""21/10/2025 19:45:46"""
"CMRUCT25094,""13/09/2025 09:40:40"""
"CMRUCT25086,""23/10/2025 23:34:03"""
"CMRUCT25093,""05/10/2025 12:15:50"""
"CMRUCT25181,""15/10/2025 07:45:08"""
"CMRUCT25096,""09/10/2025 09:48:29"""
"CMRUCT25182,""15/10/2025 07:23:58"""
"CMRUCT25095,""15/10/2025 10:29:35"""
"CMRUCT25099,""17/10/2025 11:03:20"""
"CMRUCT25101,""17/10/2025 23:33:08"""
"CMRLPT25004,""22/10/2025 19:23:45"""
"CMRUCT25102,""20/10/2025 17:20:43"""
"CMRUCT25100,""19/10/2025 16:14:30"""
"CMRUCT25104,""23/10/2025 11:06:09"""
"CMRLPT22148,""18/10/2025 07:54:39"""
"CMRUCT25105,""16/10/2025 09:27:54"""
"CMRUCT25107,""24/09/2025 11:20:22"""
"CMRUCT25183,""17/09/2025 17:26:28"""
"CMRUCT25179,""17/09/2025 18:04:55"""
"CMRUCT25110,""22/10/2025 17:11:59"""
"CMRUCT25111,""18/09/2025 08:55:59"""
"CMRUCT25109,""25/09/2025 10:52:09"""
"CMRUCT25114,""18/10/2025 10:35:06"""
"CMRUCT25113,""25/09/2025 14:39:14"""
"CMRLPT22140,""22/10/2025 11:48:20"""
"CMRUCT25117,""19/10/2025 09:41:29"""
"CMRUCT25185,""18/09/2025 14:50:53"""
"CMRUCT25184,""18/09/2025 15:39:29"""
"CMRUCT23129,""18/09/2025 14:21:40"""
"CMRUCT25178,""18/09/2025 17:47:19"""
"CMRLPT25042,""18/10/2025 18:14:20"""
"CMRLPT25043,""16/10/2025 11:48:20"""
"CMRUCT25027,""25/09/2025 13:35:03"""
"CMRUCT25115,""20/10/2025 10:45:27"""
"CMRLPT22050,""22/10/2025 07:51:44"""
"CMRUCT22148,""20/10/2025 18:17:00"""
"CMRUCT24163,""16/10/2025 09:28:34"""
"CMRUCT25116,""22/10/2025 07:32:46"""
"CMRUCT23009,""24/09/2025 10:13:55"""
"CMRLPT24032,""28/09/2025 11:06:14"""
"CMRLPT24124,""27/09/2025 08:20:59"""
"CMRUCT25103,""26/09/2025 12:16:18"""
"CMRLPT22152,""26/09/2025 16:17:32"""
"CMRUCT25046,""27/09/2025 14:46:20"""
"CMRUCT21096,""28/09/2025 08:51:26"""
"CMRLPT25044,""02/10/2025 12:13:36"""
"CMRUCT25052,""17/10/2025 15:10:30"""
"CMRLPT25049,""08/10/2025 14:41:00"""
"CMRUCT22034,""15/10/2025 09:31:43"""
"CMRUCT25013,""16/10/2025 09:23:21"""
"CMRLPT21003,""15/10/2025 10:47:49"""
"CMRTAB20345,""22/10/2025 09:00:14"""
"CMRTAB20272,""22/10/2025 08:19:03"""
"CMRUCT19072,""23/10/2025 11:29:37"""
"CMRUCT20148,""23/10/2025 15:39:07"""
